Name,Link,Year,GRAPHICS PROCESSOR,CORES,TMUS,ROPS,MEMORY SIZE,MEMORY TYPE,BUS WIDTH,GPU Name,GPU Variant,Architecture,Foundry,Process Size,Transistors,Die Size,Release Date,Generation,Production,Bus Interface,Reviews,Base Clock,Boost Clock,Memory Clock,Memory Size,Memory Type,Memory Bus,Bandwidth,Shading Units,TMUs,ROPs,Execution Units,RT Cores,L2 Cache,Pixel Rate,Texture Rate,FP16 (half) performance,FP32 (float) performance,FP64 (double) performance,Slot Width,TDP,Outputs,DirectX,OpenGL,OpenCL,Vulkan,Shader Model,Suggested PSU,Power Connectors,GPU Clock,Length,L3 Cache,Availability,Launch Price,PIXEL SHADERS,VERTEX SHADERS,Pixel Shaders,Vertex Shaders,Vertex Rate,Pixel Shader,Vertex Shader
Arc A350M,https://www.techpowerup.com/gpu-specs/arc-a350m.c3905,2022,DG2-128,768,48,24,4 GB,GDDR6,64 bit,DG2-128,ACM-G11,Generation 12.7,TSMC,6 nm,"7,200 million",157 mm²,"Mar 30th, 2022","Alchemist
(Arc 3)",Active,PCIe 4.0 x8,1 in our database,300 MHz,1150 MHz,"1500 MHz
12 Gbps effective",4 GB,GDDR6,64 bit,96.00 GB/s,768,48,24,96,6,4 MB,27.60 GPixel/s,55.20 GTexel/s,3.533 TFLOPS (2:1),1.766 TFLOPS,441.6 GFLOPS (1:4),IGP,25 W,No outputs,12 Ultimate (12_2),4.6,3.0,1.3,6.6,,,,,,,,,,,,,,
Arc A370M,https://www.techpowerup.com/gpu-specs/arc-a370m.c3906,2022,DG2-128,1024,64,32,4 GB,GDDR6,64 bit,DG2-128,ACM-G11,Generation 12.7,TSMC,6 nm,"7,200 million",157 mm²,"Mar 30th, 2022","Alchemist
(Arc 3)",Active,PCIe 4.0 x8,1 in our database,300 MHz,1550 MHz,"1500 MHz
12 Gbps effective",4 GB,GDDR6,64 bit,96.00 GB/s,1024,64,32,128,8,4 MB,49.60 GPixel/s,99.20 GTexel/s,6.349 TFLOPS (2:1),3.174 TFLOPS,793.6 GFLOPS (1:4),IGP,35 W,No outputs,12 Ultimate (12_2),4.6,3.0,1.3,6.6,,,,,,,,,,,,,,
Arc A380,https://www.techpowerup.com/gpu-specs/arc-a380.c3913,2022,DG2-128,1024,64,32,4 GB,GDDR6,64 bit,DG2-128,ACM-G11,Generation 12.7,TSMC,6 nm,"7,200 million",157 mm²,Unknown,"Alchemist
(Arc 3)",Active,PCIe 4.0 x8,,300 MHz,1550 MHz,"1500 MHz
12 Gbps effective",4 GB,GDDR6,64 bit,96.00 GB/s,1024,64,32,128,8,4 MB,49.60 GPixel/s,99.20 GTexel/s,6.349 TFLOPS (2:1),3.174 TFLOPS,793.6 GFLOPS (1:4),IGP,35 W,No outputs,12 Ultimate (12_2),4.6,3.0,1.3,6.6,200 W,,,,,,,,,,,,,
Arc A550M,https://www.techpowerup.com/gpu-specs/arc-a550m.c3907,2022,DG2-512,2048,128,64,8 GB,GDDR6,128 bit,DG2-512,ACM-G10,Generation 12.7,TSMC,6 nm,"21,700 million",406 mm²,2022,"Alchemist
(Arc 5)",Active,PCIe 4.0 x16,1 in our database,300 MHz,900 MHz,"1500 MHz
12 Gbps effective",8 GB,GDDR6,128 bit,192.0 GB/s,2048,128,64,256,16,8 MB,57.60 GPixel/s,115.2 GTexel/s,7.373 TFLOPS (2:1),3.686 TFLOPS,921.6 GFLOPS (1:4),IGP,60 W,No outputs,12 Ultimate (12_2),4.6,3.0,1.3,6.6,,,,,,,,,,,,,,
Arc A730M,https://www.techpowerup.com/gpu-specs/arc-a730m.c3908,2022,DG2-512,3072,192,96,12 GB,GDDR6,192 bit,DG2-512,ACM-G10,Generation 12.7,TSMC,6 nm,"21,700 million",406 mm²,2022,"Alchemist
(Arc 7)",Active,PCIe 4.0 x16,1 in our database,300 MHz,1100 MHz,"1500 MHz
12 Gbps effective",12 GB,GDDR6,192 bit,288.0 GB/s,3072,192,96,384,24,12 MB,105.6 GPixel/s,211.2 GTexel/s,13.52 TFLOPS (2:1),6.758 TFLOPS,1.690 TFLOPS (1:4),IGP,80 W,No outputs,12 Ultimate (12_2),4.6,3.0,1.3,6.6,,,,,,,,,,,,,,
Arc A770,https://www.techpowerup.com/gpu-specs/arc-a770.c3914,2022,DG2-512,4096,256,128,16 GB,GDDR6,256 bit,DG2-512,ACM-G10,Generation 12.7,TSMC,6 nm,"21,700 million",406 mm²,Unknown,"Alchemist
(Arc 7)",Active,PCIe 4.0 x16,,300 MHz,1650 MHz,"1500 MHz
12 Gbps effective",16 GB,GDDR6,256 bit,384.0 GB/s,4096,256,128,512,32,16 MB,211.2 GPixel/s,422.4 GTexel/s,27.03 TFLOPS (2:1),13.52 TFLOPS,3.379 TFLOPS (1:4),IGP,120 W,No outputs,12 Ultimate (12_2),4.6,3.0,1.3,6.6,300 W,,,,,,,,,,,,,
Arc A770M,https://www.techpowerup.com/gpu-specs/arc-a770m.c3909,2022,DG2-512,4096,256,128,16 GB,GDDR6,256 bit,DG2-512,ACM-G10,Generation 12.7,TSMC,6 nm,"21,700 million",406 mm²,2022,"Alchemist
(Arc 7)",Active,PCIe 4.0 x16,1 in our database,300 MHz,1650 MHz,"1500 MHz
12 Gbps effective",16 GB,GDDR6,256 bit,384.0 GB/s,4096,256,128,512,32,16 MB,211.2 GPixel/s,422.4 GTexel/s,27.03 TFLOPS (2:1),13.52 TFLOPS,3.379 TFLOPS (1:4),IGP,120 W,No outputs,12 Ultimate (12_2),4.6,3.0,1.3,6.6,,,,,,,,,,,,,,
Arc A780,https://www.techpowerup.com/gpu-specs/arc-a780.c3910,2022,DG2-512,4096,256,128,16 GB,GDDR6X,256 bit,DG2-512,ACM-G10,Generation 12.7,TSMC,6 nm,"21,700 million",406 mm²,2022,"Alchemist
(Arc 7)",Unreleased,PCIe 4.0 x16,1 in our database,300 MHz,2200 MHz,"1093 MHz
17.5 Gbps effective",16 GB,GDDR6X,256 bit,559.6 GB/s,4096,256,128,512,32,16 MB,281.6 GPixel/s,563.2 GTexel/s,36.04 TFLOPS (2:1),18.02 TFLOPS,4.506 TFLOPS (1:4),Dual-slot,200 W,"1x HDMI 2.1
3x DisplayPort 1.4a",12 Ultimate (12_2),4.6,3.0,1.3,6.6,550 W,2x 8-pin,,,,,,,,,,,,
Arctic Sound-M,https://www.techpowerup.com/gpu-specs/arctic-sound-m.c3885,2022,Arctic Sound,8192,256,128,16 GB,HBM2e,4096 bit,Arctic Sound,,Generation 12.5,Intel,10 nm,"8,000 million",190 mm²,2022,Xe Graphics,Active,PCIe 4.0 x16,,,,"1200 MHz
2.4 Gbps effective",16 GB,HBM2e,4096 bit,"1,229 GB/s",8192,256,128,512,,8 MB,115.2 GPixel/s,230.4 GTexel/s,29.49 TFLOPS (2:1),14.75 TFLOPS,3.686 TFLOPS (1:4),Single-slot,500 W,No outputs,12 (12_1),4.6,3.0,N/A,6.5,900 W,8-pin EPS,900 MHz,"267 mm
10.5 inches",,,,,,,,,,
Iris Xe Graphics 80EU,https://www.techpowerup.com/gpu-specs/iris-xe-graphics-80eu.c3882,2022,Alder Lake GT1,640,40,20,System Shared,System Shared,System Shared,Alder Lake GT1,,Generation 12.2,Intel,10 nm,unknown,unknown,"Jan 4th, 2022","HD Graphics-M
(Alder Lake)",Active,Ring Bus,1 in our database,300 MHz,1300 MHz,System Shared,System Shared,System Shared,System Shared,System Dependent,640,40,20,80,,1024 KB,26.00 GPixel/s,52.00 GTexel/s,3.328 TFLOPS (2:1),1.664 TFLOPS,416.0 GFLOPS (1:4),IGP,45 W,No outputs,12 (12_1),4.6,3.0,1.3,6.4,,,,,12 MB,,,,,,,,,
Iris Xe Graphics 96EU,https://www.techpowerup.com/gpu-specs/iris-xe-graphics-96eu.c3881,2022,Alder Lake GT1,768,48,24,System Shared,System Shared,System Shared,Alder Lake GT1,,Generation 12.2,Intel,10 nm,unknown,unknown,"Jan 4th, 2022","HD Graphics-M
(Alder Lake)",Active,Ring Bus,1 in our database,300 MHz,1400 MHz,System Shared,System Shared,System Shared,System Shared,System Dependent,768,48,24,96,,1024 KB,33.60 GPixel/s,67.20 GTexel/s,4.301 TFLOPS (2:1),2.150 TFLOPS,537.6 GFLOPS (1:4),IGP,45 W,No outputs,12 (12_1),4.6,3.0,1.3,6.4,,,,,16 MB,,,,,,,,,
UHD Graphics 48EU,https://www.techpowerup.com/gpu-specs/uhd-graphics-48eu.c3883,2022,Alder Lake GT1,384,24,12,System Shared,System Shared,System Shared,Alder Lake GT1,,Generation 12.2,Intel,10 nm,unknown,unknown,"Jan 4th, 2022","HD Graphics-M
(Alder Lake)",Active,Ring Bus,1 in our database,300 MHz,1150 MHz,System Shared,System Shared,System Shared,System Shared,System Dependent,384,24,12,48,,1024 KB,13.80 GPixel/s,27.60 GTexel/s,1.766 TFLOPS (2:1),883.2 GFLOPS,220.8 GFLOPS (1:4),IGP,45 W,No outputs,12 (12_1),4.6,3.0,1.3,6.4,,,,,8 MB,,,,,,,,,
UHD Graphics 64EU,https://www.techpowerup.com/gpu-specs/uhd-graphics-64eu.c3884,2022,Alder Lake GT1,512,32,16,System Shared,System Shared,System Shared,Alder Lake GT1,,Generation 12.2,Intel,10 nm,unknown,unknown,"Jan 4th, 2022","HD Graphics-M
(Alder Lake)",Active,Ring Bus,1 in our database,300 MHz,1400 MHz,System Shared,System Shared,System Shared,System Shared,System Dependent,512,32,16,64,,1024 KB,22.40 GPixel/s,44.80 GTexel/s,2.867 TFLOPS (2:1),"1,434 GFLOPS",358.4 GFLOPS (1:4),IGP,45 W,No outputs,12 (12_1),4.6,3.0,1.3,6.4,,,,,10 MB,,,,,,,,,
UHD Graphics 710,https://www.techpowerup.com/gpu-specs/uhd-graphics-710.c3876,2022,Alder Lake GT1,128,8,8,System Shared,System Shared,System Shared,Alder Lake GT1,,Generation 12.2,Intel,10 nm,unknown,unknown,"Jan 4th, 2022","HD Graphics
(Alder Lake)",Active,Ring Bus,1 in our database,300 MHz,1300 MHz,System Shared,System Shared,System Shared,System Shared,System Dependent,128,8,8,16,,,10.40 GPixel/s,10.40 GTexel/s,665.6 GFLOPS (2:1),332.8 GFLOPS,,IGP,15 W,No outputs,12 (12_1),4.6,3.0,1.3,6.4,,,,,,,,,,,,,,
UHD Graphics 730,https://www.techpowerup.com/gpu-specs/uhd-graphics-730.c3877,2022,Alder Lake GT1,192,12,8,System Shared,System Shared,System Shared,Alder Lake GT1,,Generation 12.2,Intel,10 nm,unknown,unknown,"Jan 4th, 2022","HD Graphics
(Alder Lake)",Active,Ring Bus,1 in our database,300 MHz,1400 MHz,System Shared,System Shared,System Shared,System Shared,System Dependent,192,12,8,24,,,11.20 GPixel/s,16.80 GTexel/s,"1,075 GFLOPS (2:1)",537.6 GFLOPS,,IGP,15 W,No outputs,12 (12_1),4.6,3.0,1.3,6.4,,,,,,,,,,,,,,
Arctic Sound 1T,https://www.techpowerup.com/gpu-specs/arctic-sound-1t.c3886,2021,Arctic Sound,6144,192,96,16 GB,HBM2e,4096 bit,Arctic Sound,,Generation 12.5,Intel,10 nm,"8,000 million",190 mm²,2021,Xe Graphics,Active,PCIe 4.0 x16,,,,"1200 MHz
2.4 Gbps effective",16 GB,HBM2e,4096 bit,"1,229 GB/s",6144,192,96,384,,8 MB,86.40 GPixel/s,172.8 GTexel/s,22.12 TFLOPS (2:1),11.06 TFLOPS,2.765 TFLOPS (1:4),Dual-slot,350 W,No outputs,12 (12_1),4.6,3.0,N/A,6.5,750 W,None,900 MHz,"267 mm
10.5 inches",,,,,,,,,,
Arctic Sound 2T,https://www.techpowerup.com/gpu-specs/arctic-sound-2t.c3503,2021,Arctic Sound x2,7680 x2,240 x2,120 x2,16 GB x2,HBM2e,4096 bit x2,Arctic Sound,,Generation 12.5,Intel,10 nm,"8,000 million",190 mm²,2021,Xe Graphics,Active,PCIe 4.0 x16,,,,"1200 MHz
2.4 Gbps effective",16 GB,HBM2e,4096 bit,"1,229 GB/s",7680,240,120,480,,8 MB,108.0 GPixel/s,216.0 GTexel/s,27.65 TFLOPS (2:1),13.82 TFLOPS,3.456 TFLOPS (1:4),Dual-slot,500 W,No outputs,12 (12_1),4.6,3.0,N/A,6.5,900 W,None,900 MHz,"267 mm
10.5 inches",,,,,,,,,,
UHD Graphics,https://www.techpowerup.com/gpu-specs/uhd-graphics.c3764,2021,Rocket Lake GT1,128,8,8,System Shared,System Shared,System Shared,Rocket Lake GT1,,Generation 12.1,Intel,14 nm+++,unknown,unknown,2021,"HD Graphics
(Rocket Lake)",Active,Ring Bus,1 in our database,300 MHz,900 MHz,System Shared,System Shared,System Shared,System Shared,System Dependent,128,8,8,16,,,7.200 GPixel/s,7.200 GTexel/s,460.8 GFLOPS (2:1),230.4 GFLOPS,,IGP,15 W,No outputs,12 (12_1),4.6,3.0,1.3,6.4,,,,,,,,,,,,,,
UHD Graphics,https://www.techpowerup.com/gpu-specs/uhd-graphics.c3811,2021,Tiger Lake GT1,256,16,8,System Shared,System Shared,System Shared,Tiger Lake GT1,,Generation 12.1,Intel,10 nm,unknown,unknown,2021,"HD Graphics-M
(Tiger Lake)",Active,Ring Bus,1 in our database,350 MHz,1350 MHz,System Shared,System Shared,System Shared,System Shared,System Dependent,256,16,8,32,,,10.80 GPixel/s,21.60 GTexel/s,"1,382 GFLOPS (2:1)",691.2 GFLOPS,172.8 GFLOPS (1:4),IGP,15 W,No outputs,12 (12_1),4.6,3.0,1.3,6.4,,,,,,,,,,,,,,
UHD Graphics,https://www.techpowerup.com/gpu-specs/uhd-graphics.c3814,2021,Jasper Lake GT1,256,16,8,System Shared,System Shared,System Shared,Jasper Lake GT1,,Generation 11.0,Intel,10 nm+,unknown,unknown,"Jan 11th, 2021","HD Graphics-M
(Jasper Lake)",Active,Ring Bus,1 in our database,350 MHz,750 MHz,System Shared,System Shared,System Shared,System Shared,System Dependent,256,16,8,32,,,6.000 GPixel/s,12.00 GTexel/s,768.0 GFLOPS (2:1),384.0 GFLOPS,96.00 GFLOPS (1:4),IGP,10 W,No outputs,12 (12_1),4.6,3.0,1.3,6.4,,,,,,,,,,,,,,
UHD Graphics 730,https://www.techpowerup.com/gpu-specs/uhd-graphics-730.c3765,2021,Rocket Lake GT1,192,12,8,System Shared,System Shared,System Shared,Rocket Lake GT1,,Generation 12.1,Intel,14 nm+++,unknown,unknown,"Mar 30th, 2021","HD Graphics
(Rocket Lake)",Active,Ring Bus,1 in our database,300 MHz,1300 MHz,System Shared,System Shared,System Shared,System Shared,System Dependent,192,12,8,24,,,10.40 GPixel/s,15.60 GTexel/s,998.4 GFLOPS (2:1),499.2 GFLOPS,,IGP,15 W,No outputs,12 (12_1),4.6,3.0,1.3,6.4,,,,,,,,,,,,,,
UHD Graphics 750,https://www.techpowerup.com/gpu-specs/uhd-graphics-750.c3766,2021,Rocket Lake GT1,256,16,8,System Shared,System Shared,System Shared,Rocket Lake GT1,,Generation 12.1,Intel,14 nm+++,unknown,unknown,"Mar 30th, 2021","HD Graphics
(Rocket Lake)",Active,Ring Bus,1 in our database,300 MHz,1300 MHz,System Shared,System Shared,System Shared,System Shared,System Dependent,256,16,8,32,,,10.40 GPixel/s,20.80 GTexel/s,"1,331 GFLOPS (2:1)",665.6 GFLOPS,,IGP,15 W,No outputs,12 (12_1),4.6,3.0,1.3,6.4,,,,,,,,,,,,,,
UHD Graphics 770,https://www.techpowerup.com/gpu-specs/uhd-graphics-770.c3844,2021,Alder Lake GT1,256,16,8,System Shared,System Shared,System Shared,Alder Lake GT1,,Generation 12.2,Intel,10 nm,unknown,unknown,"Nov 4th, 2021","HD Graphics
(Alder Lake)",Active,Ring Bus,1 in our database,300 MHz,1450 MHz,System Shared,System Shared,System Shared,System Shared,System Dependent,256,16,8,32,,,11.60 GPixel/s,23.20 GTexel/s,"1,485 GFLOPS (2:1)",742.4 GFLOPS,,IGP,15 W,No outputs,12 (12_1),4.6,3.0,1.3,6.4,,,,,,,,,,,,,,
UHD Graphics P750,https://www.techpowerup.com/gpu-specs/uhd-graphics-p750.c3767,2021,Rocket Lake GT1,256,64,32,System Shared,System Shared,System Shared,Rocket Lake GT1,,Generation 12.1,Intel,14 nm+++,unknown,unknown,2021,"HD Graphics-W
(Rocket Lake)",Active,Ring Bus,1 in our database,300 MHz,900 MHz,System Shared,System Shared,System Shared,System Shared,System Dependent,256,64,32,32,,,28.80 GPixel/s,57.60 GTexel/s,921.6 GFLOPS (2:1),460.8 GFLOPS,115.2 GFLOPS (1:4),IGP,15 W,No outputs,12 (12_1),4.6,3.0,1.3,6.4,,,,,,,,,,,,,,
H3C XG310,https://www.techpowerup.com/gpu-specs/h3c-xg310.c3745,2020,DG1 x4,768 x4,48 x4,24 x4,8 GB x4,LPDDR4X,128 bit x4,DG1,,Generation 12.1,Intel,10 nm,unknown,95 mm²,"Nov 11th, 2020",H3C Graphics,Active,PCIe 3.0 x16,,900 MHz,1550 MHz,"2133 MHz
4.3 Gbps effective",8 GB,LPDDR4X,128 bit,68.26 GB/s,768,48,24,96,,1024 KB,37.20 GPixel/s,74.40 GTexel/s,4.762 TFLOPS (2:1),2.381 TFLOPS,595.2 GFLOPS (1:4),Single-slot,300 W,No outputs,12 (12_1),4.6,3.0,1.3,6.4,700 W,1x 8-pin,,,16 MB,2021,,,,,,,,
Iris Plus Graphics G7,https://www.techpowerup.com/gpu-specs/iris-plus-graphics-g7.c3444,2020,Ice Lake GT2,512,32,8,System Shared,System Shared,System Shared,Ice Lake GT2,,Generation 11.0,Intel,10 nm+,unknown,unknown,"May 4th, 2020","HD Graphics-M
(Ice Lake)",Active,Ring Bus,1 in our database,300 MHz,1050 MHz,System Shared,System Shared,System Shared,System Shared,System Dependent,512,32,8,64,,,8.400 GPixel/s,33.60 GTexel/s,2.150 TFLOPS (2:1),"1,075 GFLOPS",268.8 GFLOPS (1:4),IGP,15 W,No outputs,12 (12_1),4.6,3.0,1.3,6.4,,,,,,,,,,,,,,
Iris Xe Graphics G4,https://www.techpowerup.com/gpu-specs/iris-xe-graphics-g4.c3679,2020,Tiger Lake GT2,384,24,12,System Shared,System Shared,System Shared,Tiger Lake GT2,,Generation 12.1,Intel,10 nm,unknown,146 mm²,"Sep 2nd, 2020","HD Graphics-M
(Tiger Lake)",Active,Ring Bus,1 in our database,300 MHz,1100 MHz,System Shared,System Shared,System Shared,System Shared,System Dependent,384,24,12,48,,,13.20 GPixel/s,26.40 GTexel/s,1.690 TFLOPS (2:1),844.8 GFLOPS,211.2 GFLOPS (1:4),IGP,15 W,No outputs,12 (12_1),4.6,3.0,1.3,6.4,,,,,3.75 MB,,,,,,,,,
Iris Xe Graphics G7 80EU,https://www.techpowerup.com/gpu-specs/iris-xe-graphics-g7-80eu.c3678,2020,Tiger Lake GT2,640,40,20,System Shared,System Shared,System Shared,Tiger Lake GT2,,Generation 12.1,Intel,10 nm,unknown,146 mm²,"Sep 2nd, 2020","HD Graphics-M
(Tiger Lake)",Active,Ring Bus,1 in our database,300 MHz,1100 MHz,System Shared,System Shared,System Shared,System Shared,System Dependent,640,40,20,80,,1024 KB,22.00 GPixel/s,44.00 GTexel/s,2.816 TFLOPS (2:1),"1,408 GFLOPS",352.0 GFLOPS (1:4),IGP,15 W,No outputs,12 (12_1),4.6,3.0,1.3,6.4,,,,,3.75 MB,,,,,,,,,
Iris Xe Graphics G7 96EU,https://www.techpowerup.com/gpu-specs/iris-xe-graphics-g7-96eu.c3677,2020,Tiger Lake GT2,768,48,24,System Shared,System Shared,System Shared,Tiger Lake GT2,,Generation 12.1,Intel,10 nm,unknown,146 mm²,"Sep 2nd, 2020","HD Graphics-M
(Tiger Lake)",Active,Ring Bus,1 in our database,300 MHz,1100 MHz,System Shared,System Shared,System Shared,System Shared,System Dependent,768,48,24,96,,1024 KB,26.40 GPixel/s,52.80 GTexel/s,3.379 TFLOPS (2:1),1.690 TFLOPS,422.4 GFLOPS (1:4),IGP,15 W,No outputs,12 (12_1),4.6,3.0,1.3,6.4,,,,,3.75 MB,,,,,,,,,
Iris Xe MAX Graphics,https://www.techpowerup.com/gpu-specs/iris-xe-max-graphics.c3737,2020,DG1,768,48,24,4 GB,LPDDR4X,128 bit,DG1,,Generation 12.1,Intel,10 nm,unknown,95 mm²,"Oct 31st, 2020","HD Graphics-M
(Tiger Lake)",Active,PCIe 4.0 x8,1 in our database,300 MHz,1650 MHz,"2133 MHz
4.3 Gbps effective",4 GB,LPDDR4X,128 bit,68.26 GB/s,768,48,24,96,,1024 KB,39.60 GPixel/s,79.20 GTexel/s,5.069 TFLOPS (2:1),2.534 TFLOPS,633.6 GFLOPS (1:4),IGP,25 W,No outputs,12 (12_1),4.6,3.0,1.3,6.4,,,,,16 MB,,,,,,,,,
UHD Graphics 610,https://www.techpowerup.com/gpu-specs/uhd-graphics-610.c3602,2020,Comet Lake GT1,96,12,2,System Shared,System Shared,System Shared,Comet Lake GT1,,Generation 9.5,Intel,14 nm+++,unknown,unknown,"Apr 30th, 2020","HD Graphics
(Comet Lake)",Active,Ring Bus,1 in our database,350 MHz,1050 MHz,System Shared,System Shared,System Shared,System Shared,System Dependent,96,12,2,12,,,2.100 GPixel/s,12.60 GTexel/s,403.2 GFLOPS (2:1),201.6 GFLOPS,50.40 GFLOPS (1:4),IGP,15 W,No outputs,12 (12_1),4.6,3.0,1.3,6.4,,,,,,,,,,,,,,
UHD Graphics 630,https://www.techpowerup.com/gpu-specs/uhd-graphics-630.c3600,2020,Comet Lake GT2,192,24,3,System Shared,System Shared,System Shared,Comet Lake GT2,,Generation 9.5,Intel,14 nm+++,unknown,unknown,"Apr 30th, 2020","HD Graphics
(Comet Lake)",Active,Ring Bus,1 in our database,350 MHz,1200 MHz,System Shared,System Shared,System Shared,System Shared,System Dependent,192,24,3,24,,,3.600 GPixel/s,28.80 GTexel/s,921.6 GFLOPS (2:1),460.8 GFLOPS,115.2 GFLOPS (1:4),IGP,15 W,No outputs,12 (12_1),4.6,3.0,1.3,6.5,,,,,,,,,,,,,,
UHD Graphics 630,https://www.techpowerup.com/gpu-specs/uhd-graphics-630.c3601,2020,Comet Lake GT2,184,23,3,System Shared,System Shared,System Shared,Comet Lake GT2,,Generation 9.5,Intel,14 nm+++,unknown,unknown,"Apr 30th, 2020","HD Graphics
(Comet Lake)",Active,Ring Bus,1 in our database,350 MHz,1150 MHz,System Shared,System Shared,System Shared,System Shared,System Dependent,184,23,3,23,,,3.450 GPixel/s,26.45 GTexel/s,846.4 GFLOPS (2:1),423.2 GFLOPS,105.8 GFLOPS (1:4),IGP,15 W,No outputs,12 (12_1),4.6,3.0,1.3,6.5,,,,,,,,,,,,,,
UHD Graphics G4,https://www.techpowerup.com/gpu-specs/uhd-graphics-g4.c3692,2020,Lakefield GT1,384,32,8,System Shared,System Shared,System Shared,Lakefield GT1,,Generation 11.0,Intel,10 nm,unknown,unknown,"May 28th, 2020","HD Graphics-M
(Lakefield)",Active,Ring Bus,1 in our database,200 MHz,500 MHz,System Shared,System Shared,System Shared,System Shared,System Dependent,384,32,8,48,,,4.000 GPixel/s,16.00 GTexel/s,768.0 GFLOPS (2:1),384.0 GFLOPS,96.00 GFLOPS (1:4),IGP,15 W,No outputs,12 (12_1),4.6,3.0,1.3,6.4,,,,,,,,,,,,,,
UHD Graphics G7,https://www.techpowerup.com/gpu-specs/uhd-graphics-g7.c3691,2020,Lakefield GT2,512,32,8,System Shared,System Shared,System Shared,Lakefield GT2,,Generation 11.0,Intel,10 nm,unknown,unknown,"May 28th, 2020","HD Graphics-M
(Lakefield)",Active,Ring Bus,1 in our database,200 MHz,500 MHz,System Shared,System Shared,System Shared,System Shared,System Dependent,512,32,8,64,,,4.000 GPixel/s,16.00 GTexel/s,"1,024 GFLOPS (2:1)",512.0 GFLOPS,128.0 GFLOPS (1:4),IGP,15 W,No outputs,12 (12_1),4.6,3.0,1.3,6.4,,,,,,,,,,,,,,
UHD Graphics P630,https://www.techpowerup.com/gpu-specs/uhd-graphics-p630.c3676,2020,Comet Lake GT2,192,24,3,System Shared,System Shared,System Shared,Comet Lake GT2,,Generation 9.5,Intel,14 nm+++,unknown,unknown,"May 13th, 2020","HD Graphics-W
(Comet Lake)",Active,Ring Bus,1 in our database,350 MHz,1200 MHz,System Shared,System Shared,System Shared,System Shared,System Dependent,192,24,3,24,,,3.600 GPixel/s,28.80 GTexel/s,921.6 GFLOPS (2:1),460.8 GFLOPS,115.2 GFLOPS (1:4),IGP,15 W,No outputs,12 (12_1),4.6,3.0,1.3,6.5,,,,,,,,,,,,,,
UHD Graphics P630,https://www.techpowerup.com/gpu-specs/uhd-graphics-p630.c3730,2020,Comet Lake GT2,192,24,3,System Shared,System Shared,System Shared,Comet Lake GT2,,Generation 9.5,Intel,14 nm+++,unknown,unknown,"May 13th, 2020","HD Graphics-WM
(Comet Lake)",Active,Ring Bus,1 in our database,350 MHz,1200 MHz,System Shared,System Shared,System Shared,System Shared,System Dependent,192,24,3,24,,,3.600 GPixel/s,28.80 GTexel/s,921.6 GFLOPS (2:1),460.8 GFLOPS,115.2 GFLOPS (1:4),IGP,15 W,No outputs,12 (12_1),4.6,3.0,1.3,6.5,,,,,,,,,,,,,,
Xe DG1,https://www.techpowerup.com/gpu-specs/xe-dg1.c3718,2020,DG1,640,40,20,4 GB,LPDDR4X,128 bit,DG1,,Generation 12.1,Intel,10 nm,unknown,95 mm²,Never Released,Xe Graphics,Active,PCIe 4.0 x8,,900 MHz,1550 MHz,"2133 MHz
4.3 Gbps effective",4 GB,LPDDR4X,128 bit,68.26 GB/s,640,40,20,80,,1024 KB,31.00 GPixel/s,62.00 GTexel/s,3.968 TFLOPS (2:1),1.984 TFLOPS,496.0 GFLOPS (1:4),Dual-slot,30 W,"1x HDMI
3x DisplayPort",12 (12_1),4.6,3.0,1.3,6.4,200 W,None,,"178 mm
7 inches",16 MB,,,,,,,,,
Xe DG1-SDV,https://www.techpowerup.com/gpu-specs/xe-dg1-sdv.c3483,2020,DG1,768,48,24,8 GB,LPDDR4X,128 bit,DG1,,Generation 12.1,Intel,10 nm,unknown,95 mm²,Never Released,Xe Graphics,Active,PCIe 4.0 x8,,900 MHz,1500 MHz,"2133 MHz
4.3 Gbps effective",8 GB,LPDDR4X,128 bit,68.26 GB/s,768,48,24,96,,1024 KB,36.00 GPixel/s,72.00 GTexel/s,4.608 TFLOPS (2:1),2.304 TFLOPS,576.0 GFLOPS (1:4),Dual-slot,75 W,"1x HDMI
3x DisplayPort",12 (12_1),4.6,3.0,1.3,6.4,250 W,None,,"178 mm
7 inches",16 MB,,,,,,,,,
Iris Plus Graphics 645,https://www.techpowerup.com/gpu-specs/iris-plus-graphics-645.c3486,2019,Coffee Lake GT3e,384,48,6,System Shared,System Shared,System Shared,Coffee Lake GT3e,,Generation 9.5,Intel,14 nm+++,unknown,unknown,"Oct 7th, 2019","HD Graphics-M
(Coffee Lake)",Active,Ring Bus,1 in our database,300 MHz,1050 MHz,System Shared,System Shared,System Shared,System Shared,System Dependent,384,48,6,48,,,6.300 GPixel/s,50.40 GTexel/s,1.613 TFLOPS (2:1),806.4 GFLOPS,201.6 GFLOPS (1:4),IGP,15 W,No outputs,12 (12_1),4.6,3.0,1.3,6.4,,,,,,,,,,,,,,
Iris Plus Graphics G4,https://www.techpowerup.com/gpu-specs/iris-plus-graphics-g4.c3647,2019,Ice Lake GT1,384,24,8,System Shared,System Shared,System Shared,Ice Lake GT1,,Generation 11.0,Intel,10 nm+,unknown,unknown,"May 29th, 2019","HD Graphics-M
(Ice Lake)",Active,Ring Bus,1 in our database,300 MHz,1050 MHz,System Shared,System Shared,System Shared,System Shared,System Dependent,384,24,8,48,,,8.400 GPixel/s,25.20 GTexel/s,1.613 TFLOPS (2:1),806.4 GFLOPS,201.6 GFLOPS (1:4),IGP,15 W,No outputs,12 (12_1),4.6,3.0,1.3,6.4,,,,,,,,,,,,,,
UHD Graphics,https://www.techpowerup.com/gpu-specs/uhd-graphics.c3604,2019,Amber Lake GT2,192,24,3,System Shared,System Shared,System Shared,Amber Lake GT2,,Generation 9.5,Intel,14 nm,unknown,unknown,"Aug 21st, 2019","HD Graphics-T
(Amber Lake)",Active,Ring Bus,1 in our database,300 MHz,1050 MHz,System Shared,System Shared,System Shared,System Shared,System Dependent,192,24,3,24,,,3.150 GPixel/s,25.20 GTexel/s,806.4 GFLOPS (2:1),403.2 GFLOPS,100.8 GFLOPS (1:4),IGP,15 W,No outputs,12 (12_1),4.6,3.0,1.3,6.4,,,,,,,,,,,,,,
UHD Graphics,https://www.techpowerup.com/gpu-specs/uhd-graphics.c3644,2019,Comet Lake GT1,192,24,3,System Shared,System Shared,System Shared,Comet Lake GT1,,Generation 9.5,Intel,14 nm+++,unknown,unknown,"Aug 21st, 2019","HD Graphics-M
(Comet Lake)",Active,Ring Bus,1 in our database,300 MHz,900 MHz,System Shared,System Shared,System Shared,System Shared,System Dependent,192,24,3,24,,,2.700 GPixel/s,21.60 GTexel/s,691.2 GFLOPS (2:1),345.6 GFLOPS,86.40 GFLOPS (1:4),IGP,15 W,No outputs,12 (12_1),4.6,3.0,1.3,6.4,,,,,,,,,,,,,,
UHD Graphics,https://www.techpowerup.com/gpu-specs/uhd-graphics.c3484,2019,Comet Lake GT2,192,24,3,System Shared,System Shared,System Shared,Comet Lake GT2,,Generation 9.5,Intel,14 nm+++,unknown,unknown,"Aug 21st, 2019","HD Graphics-M
(Comet Lake)",Active,Ring Bus,1 in our database,300 MHz,1000 MHz,System Shared,System Shared,System Shared,System Shared,System Dependent,192,24,3,24,,,3.000 GPixel/s,24.00 GTexel/s,768.0 GFLOPS (2:1),384.0 GFLOPS,96.00 GFLOPS (1:4),IGP,15 W,No outputs,12 (12_1),4.6,3.0,1.3,6.5,,,,,,,,,,,,,,
UHD Graphics G1,https://www.techpowerup.com/gpu-specs/uhd-graphics-g1.c3447,2019,Ice Lake GT1,256,16,8,System Shared,System Shared,System Shared,Ice Lake GT1,,Generation 11.0,Intel,10 nm+,unknown,unknown,"May 29th, 2019","HD Graphics-M
(Ice Lake)",Active,Ring Bus,1 in our database,300 MHz,900 MHz,System Shared,System Shared,System Shared,System Shared,System Dependent,256,16,8,32,,,7.200 GPixel/s,14.40 GTexel/s,921.6 GFLOPS (2:1),460.8 GFLOPS,115.2 GFLOPS (1:4),IGP,15 W,No outputs,12 (12_1),4.6,3.0,1.3,6.4,,,,,,,,,,,,,,
Iris Plus Graphics 655,https://www.techpowerup.com/gpu-specs/iris-plus-graphics-655.c3221,2018,Coffee Lake GT3e,384,48,6,System Shared,System Shared,System Shared,Coffee Lake GT3e,,Generation 9.5,Intel,14 nm+++,unknown,unknown,"Apr 3rd, 2018","HD Graphics-M
(Coffee Lake)",Active,Ring Bus,1 in our database,300 MHz,1050 MHz,System Shared,System Shared,System Shared,System Shared,System Dependent,384,48,6,48,,,6.300 GPixel/s,50.40 GTexel/s,1.613 TFLOPS (2:1),806.4 GFLOPS,201.6 GFLOPS (1:4),IGP,15 W,No outputs,12 (12_1),4.6,3.0,1.3,6.4,,,,,,,,,,,,,,
UHD Graphics 610,https://www.techpowerup.com/gpu-specs/uhd-graphics-610.c3453,2018,Coffee Lake GT1,96,12,2,System Shared,System Shared,System Shared,Coffee Lake GT1,,Generation 9.5,Intel,14 nm+++,unknown,unknown,"Apr 3rd, 2018","HD Graphics-M
(Coffee Lake)",Active,Ring Bus,1 in our database,300 MHz,900 MHz,System Shared,System Shared,System Shared,System Shared,System Dependent,96,12,2,12,,,1.800 GPixel/s,10.80 GTexel/s,345.6 GFLOPS (2:1),172.8 GFLOPS,43.20 GFLOPS (1:4),IGP,15 W,No outputs,12 (12_1),4.6,3.0,1.3,6.4,,,,,,,,,,,,,,
UHD Graphics 610,https://www.techpowerup.com/gpu-specs/uhd-graphics-610.c3313,2018,Coffee Lake GT1,96,12,2,System Shared,System Shared,System Shared,Coffee Lake GT1,,Generation 9.5,Intel,14 nm+++,unknown,unknown,"Apr 3rd, 2018","HD Graphics
(Coffee Lake)",Active,Ring Bus,1 in our database,350 MHz,1050 MHz,System Shared,System Shared,System Shared,System Shared,System Dependent,96,12,2,12,,,2.100 GPixel/s,12.60 GTexel/s,403.2 GFLOPS (2:1),201.6 GFLOPS,50.40 GFLOPS (1:4),IGP,15 W,No outputs,12 (12_1),4.6,3.0,1.3,6.4,,,,,,,,,,,,,,
UHD Graphics 615,https://www.techpowerup.com/gpu-specs/uhd-graphics-615.c3370,2018,Amber Lake GT2,192,24,3,System Shared,System Shared,System Shared,Amber Lake GT2,,Generation 9.5,Intel,14 nm,unknown,unknown,"Nov 7th, 2018","HD Graphics-T
(Amber Lake)",Active,Ring Bus,1 in our database,300 MHz,900 MHz,System Shared,System Shared,System Shared,System Shared,System Dependent,192,24,3,24,,,2.700 GPixel/s,21.60 GTexel/s,691.2 GFLOPS (2:1),345.6 GFLOPS,86.40 GFLOPS (1:4),IGP,15 W,No outputs,12 (12_1),4.6,3.0,1.3,6.4,,,,,,,,,,,,,,
UHD Graphics 617,https://www.techpowerup.com/gpu-specs/uhd-graphics-617.c3338,2018,Amber Lake GT2,192,24,3,System Shared,System Shared,System Shared,Amber Lake GT2,,Generation 9.5,Intel,14 nm,unknown,unknown,"Nov 7th, 2018","HD Graphics-T
(Amber Lake)",Active,Ring Bus,1 in our database,300 MHz,1050 MHz,System Shared,System Shared,System Shared,System Shared,System Dependent,192,24,3,24,,,3.150 GPixel/s,25.20 GTexel/s,806.4 GFLOPS (2:1),403.2 GFLOPS,100.8 GFLOPS (1:4),IGP,15 W,No outputs,12 (12_1),4.6,3.0,1.3,6.4,,,,,,,,,,,,,,
UHD Graphics 620,https://www.techpowerup.com/gpu-specs/uhd-graphics-620.c3381,2018,Whiskey Lake GT2,192,24,3,System Shared,System Shared,System Shared,Whiskey Lake GT2,,Generation 9.5,Intel,14 nm,unknown,unknown,"Aug 28th, 2018","HD Graphics-M
(Whiskey Lake)",Active,Ring Bus,1 in our database,300 MHz,1000 MHz,System Shared,System Shared,System Shared,System Shared,System Dependent,192,24,3,24,,,3.000 GPixel/s,24.00 GTexel/s,768.0 GFLOPS (2:1),384.0 GFLOPS,96.00 GFLOPS (1:4),IGP,15 W,No outputs,12 (12_1),4.6,3.0,1.3,6.4,,,,,,,,,,,,,,
UHD Graphics 630,https://www.techpowerup.com/gpu-specs/uhd-graphics-630.c3262,2018,Coffee Lake GT2,192,24,3,System Shared,System Shared,System Shared,Coffee Lake GT2,,Generation 9.5,Intel,14 nm+++,unknown,unknown,"Apr 3rd, 2018","HD Graphics-M
(Coffee Lake)",Active,Ring Bus,1 in our database,350 MHz,1000 MHz,System Shared,System Shared,System Shared,System Shared,System Dependent,192,24,3,24,,,3.000 GPixel/s,24.00 GTexel/s,768.0 GFLOPS (2:1),384.0 GFLOPS,96.00 GFLOPS (1:4),IGP,15 W,No outputs,12 (12_1),4.6,3.0,1.3,6.4,,,,,,,,,,,,,,
UHD Graphics P630,https://www.techpowerup.com/gpu-specs/uhd-graphics-p630.c3605,2018,Coffee Lake GT2,192,24,3,System Shared,System Shared,System Shared,Coffee Lake GT2,,Generation 9.5,Intel,14 nm+++,unknown,unknown,"May 24th, 2018","HD Graphics-W
(Coffee Lake)",Active,Ring Bus,1 in our database,350 MHz,1100 MHz,System Shared,System Shared,System Shared,System Shared,System Dependent,192,24,3,24,,,3.300 GPixel/s,26.40 GTexel/s,844.8 GFLOPS (2:1),422.4 GFLOPS,105.6 GFLOPS (1:4),IGP,15 W,No outputs,12 (12_1),4.6,3.0,1.3,6.4,,,,,,,,,,,,,,
UHD Graphics P630,https://www.techpowerup.com/gpu-specs/uhd-graphics-p630.c3452,2018,Coffee Lake GT2,192,24,3,System Shared,System Shared,System Shared,Coffee Lake GT2,,Generation 9.5,Intel,14 nm+++,unknown,unknown,"May 24th, 2018","HD Graphics-WM
(Coffee Lake)",Active,Ring Bus,1 in our database,350 MHz,1200 MHz,System Shared,System Shared,System Shared,System Shared,System Dependent,192,24,3,24,,,3.600 GPixel/s,28.80 GTexel/s,921.6 GFLOPS (2:1),460.8 GFLOPS,115.2 GFLOPS (1:4),IGP,15 W,No outputs,12 (12_1),4.6,3.0,1.3,6.4,,,,,,,,,,,,,,
Iris Plus Graphics 640,https://www.techpowerup.com/gpu-specs/iris-plus-graphics-640.c2963,2017,Kaby Lake GT3e,384,48,6,System Shared,System Shared,System Shared,Kaby Lake GT3e,,Generation 9.5,Intel,14 nm++,unknown,unknown,"Jan 3rd, 2017","HD Graphics-M
(Kaby Lake)",Active,Ring Bus,1 in our database,300 MHz,1100 MHz,System Shared,System Shared,System Shared,System Shared,System Dependent,384,48,6,48,,,6.600 GPixel/s,52.80 GTexel/s,1.690 TFLOPS (2:1),844.8 GFLOPS,211.2 GFLOPS (1:4),IGP,15 W,No outputs,12 (12_1),4.6,3.0,1.3,6.4,,,,,,,,,,,,,,
Iris Plus Graphics 650,https://www.techpowerup.com/gpu-specs/iris-plus-graphics-650.c2964,2017,Kaby Lake GT3e,384,48,6,System Shared,System Shared,System Shared,Kaby Lake GT3e,,Generation 9.5,Intel,14 nm++,unknown,unknown,"Jan 3rd, 2017","HD Graphics-M
(Kaby Lake)",Active,Ring Bus,1 in our database,300 MHz,1150 MHz,System Shared,System Shared,System Shared,System Shared,System Dependent,384,48,6,48,,,6.900 GPixel/s,55.20 GTexel/s,1.766 TFLOPS (2:1),883.2 GFLOPS,220.8 GFLOPS (1:4),IGP,15 W,No outputs,12 (12_1),4.6,3.0,1.3,6.4,,,,,,,,,,,,,,
UHD Graphics 600,https://www.techpowerup.com/gpu-specs/uhd-graphics-600.c3065,2017,Gemini Lake GT1,96,12,2,System Shared,System Shared,System Shared,Gemini Lake GT1,,Generation 9.5,Intel,14 nm,unknown,unknown,"Dec 11th, 2017","HD Graphics-T
(Goldmont Plus)",Active,Ring Bus,1 in our database,200 MHz,650 MHz,System Shared,System Shared,System Shared,System Shared,System Dependent,96,12,2,12,,,1.300 GPixel/s,7.800 GTexel/s,249.6 GFLOPS (2:1),124.8 GFLOPS,31.20 GFLOPS (1:4),IGP,5 W,No outputs,12 (12_1),4.6,3.0,1.3,6.4,,,,,,,,,,,,,,
UHD Graphics 605,https://www.techpowerup.com/gpu-specs/uhd-graphics-605.c3101,2017,Gemini Lake GT1.5,144,18,3,System Shared,System Shared,System Shared,Gemini Lake GT1.5,,Generation 9.5,Intel,14 nm,unknown,unknown,"Dec 11th, 2017","HD Graphics-T
(Goldmont Plus)",Active,Ring Bus,1 in our database,200 MHz,750 MHz,System Shared,System Shared,System Shared,System Shared,System Dependent,144,18,3,18,,,2.250 GPixel/s,13.50 GTexel/s,432.0 GFLOPS (2:1),216.0 GFLOPS,54.00 GFLOPS (1:4),IGP,5 W,No outputs,12 (12_1),4.6,3.0,1.3,6.4,,,,,,,,,,,,,,
UHD Graphics 620,https://www.techpowerup.com/gpu-specs/uhd-graphics-620.c2909,2017,Kaby Lake GT2,192,24,3,System Shared,System Shared,System Shared,Kaby Lake GT2,,Generation 9.5,Intel,14 nm++,unknown,unknown,"Sep 1st, 2017","HD Graphics-M
(Kaby Lake Refresh)",Active,Ring Bus,1 in our database,300 MHz,1000 MHz,System Shared,System Shared,System Shared,System Shared,System Dependent,192,24,3,24,,,3.000 GPixel/s,24.00 GTexel/s,768.0 GFLOPS (2:1),384.0 GFLOPS,96.00 GFLOPS (1:4),IGP,15 W,No outputs,12 (12_1),4.6,3.0,1.3,6.4,,,,,,,,,,,,,,
UHD Graphics 630,https://www.techpowerup.com/gpu-specs/uhd-graphics-630.c3105,2017,Coffee Lake GT2,192,24,3,System Shared,System Shared,System Shared,Coffee Lake GT2,,Generation 9.5,Intel,14 nm+++,unknown,unknown,"Sep 1st, 2017","HD Graphics
(Coffee Lake)",Active,Ring Bus,1 in our database,350 MHz,1050 MHz,System Shared,System Shared,System Shared,System Shared,System Dependent,192,24,3,24,,,3.150 GPixel/s,25.20 GTexel/s,806.4 GFLOPS (2:1),403.2 GFLOPS,100.8 GFLOPS (1:4),IGP,15 W,No outputs,12 (12_1),4.6,3.0,1.3,6.4,,,,,,,,,,,,,,
UHD Graphics 630,https://www.techpowerup.com/gpu-specs/uhd-graphics-630.c3107,2017,Coffee Lake GT2,184,23,3,System Shared,System Shared,System Shared,Coffee Lake GT2,,Generation 9.5,Intel,14 nm+++,unknown,unknown,"Sep 1st, 2017","HD Graphics
(Coffee Lake)",Active,Ring Bus,1 in our database,350 MHz,1050 MHz,System Shared,System Shared,System Shared,System Shared,System Dependent,184,23,3,23,,,3.150 GPixel/s,24.15 GTexel/s,772.8 GFLOPS (2:1),386.4 GFLOPS,96.60 GFLOPS (1:4),IGP,15 W,No outputs,12 (12_1),4.6,3.0,1.3,6.4,,,,,,,,,,,,,,
HD Graphics 505,https://www.techpowerup.com/gpu-specs/hd-graphics-505.c3155,2016,Apollo Lake GT1.5,144,18,3,System Shared,System Shared,System Shared,Apollo Lake GT1.5,,Generation 9.0,Intel,14 nm,unknown,unknown,"Sep 1st, 2016","HD Graphics-T
(Goldmont)",Active,Ring Bus,1 in our database,200 MHz,650 MHz,System Shared,System Shared,System Shared,System Shared,System Dependent,144,18,3,18,,,1.950 GPixel/s,11.70 GTexel/s,,187.2 GFLOPS,23.40 GFLOPS (1:8),IGP,6 W,No outputs,12 (12_1),4.6,3.0,1.3,6.4,,,,,,,,,,,,,,
HD Graphics 610,https://www.techpowerup.com/gpu-specs/hd-graphics-610.c3102,2016,Kaby Lake GT1,96,12,2,System Shared,System Shared,System Shared,Kaby Lake GT1,,Generation 9.5,Intel,14 nm++,unknown,unknown,"Aug 30th, 2016","HD Graphics-M
(Kaby Lake)",Active,Ring Bus,1 in our database,300 MHz,900 MHz,System Shared,System Shared,System Shared,System Shared,System Dependent,96,12,2,12,,,1.800 GPixel/s,10.80 GTexel/s,345.6 GFLOPS (2:1),172.8 GFLOPS,43.20 GFLOPS (1:4),IGP,5 W,No outputs,12 (12_1),4.6,3.0,1.3,6.4,,,,,,,,,,,,,,
HD Graphics 610,https://www.techpowerup.com/gpu-specs/hd-graphics-610.c3021,2016,Kaby Lake GT1,96,12,2,System Shared,System Shared,System Shared,Kaby Lake GT1,,Generation 9.5,Intel,14 nm++,unknown,unknown,"Aug 30th, 2016","HD Graphics
(Kaby Lake)",Active,Ring Bus,1 in our database,350 MHz,1050 MHz,System Shared,System Shared,System Shared,System Shared,System Dependent,96,12,2,12,,,2.100 GPixel/s,12.60 GTexel/s,403.2 GFLOPS (2:1),201.6 GFLOPS,50.40 GFLOPS (1:4),IGP,5 W,No outputs,12 (12_1),4.6,3.0,1.3,6.4,,,,,,,,,,,,,,
HD Graphics 615,https://www.techpowerup.com/gpu-specs/hd-graphics-615.c2910,2016,Kaby Lake GT2,192,24,3,System Shared,System Shared,System Shared,Kaby Lake GT2,,Generation 9.5,Intel,14 nm++,unknown,unknown,"Aug 30th, 2016","HD Graphics-M
(Kaby Lake)",Active,Ring Bus,1 in our database,300 MHz,850 MHz,System Shared,System Shared,System Shared,System Shared,System Dependent,192,24,3,24,,,2.550 GPixel/s,20.40 GTexel/s,652.8 GFLOPS (2:1),326.4 GFLOPS,81.60 GFLOPS (1:4),IGP,5 W,No outputs,12 (12_1),4.6,3.0,1.3,6.4,,,,,,,,,,,,,,
HD Graphics 620,https://www.techpowerup.com/gpu-specs/hd-graphics-620.c2911,2016,Kaby Lake GT2,192,24,3,System Shared,System Shared,System Shared,Kaby Lake GT2,,Generation 9.5,Intel,14 nm++,unknown,unknown,"Aug 30th, 2016","HD Graphics-M
(Kaby Lake)",Active,Ring Bus,1 in our database,300 MHz,1000 MHz,System Shared,System Shared,System Shared,System Shared,System Dependent,192,24,3,24,,,3.000 GPixel/s,24.00 GTexel/s,768.0 GFLOPS (2:1),384.0 GFLOPS,96.00 GFLOPS (1:4),IGP,15 W,No outputs,12 (12_1),4.6,3.0,1.3,6.4,,,,,,,,,,,,,,
HD Graphics 630,https://www.techpowerup.com/gpu-specs/hd-graphics-630.c2961,2016,Kaby Lake GT2,192,24,3,System Shared,System Shared,System Shared,Kaby Lake GT2,,Generation 9.5,Intel,14 nm++,unknown,unknown,"Aug 30th, 2016","HD Graphics-M
(Kaby Lake)",Active,Ring Bus,1 in our database,350 MHz,1000 MHz,System Shared,System Shared,System Shared,System Shared,System Dependent,192,24,3,24,,,3.000 GPixel/s,24.00 GTexel/s,768.0 GFLOPS (2:1),384.0 GFLOPS,96.00 GFLOPS (1:4),IGP,15 W,No outputs,12 (12_1),4.6,3.0,1.3,6.4,,,,,,,,,,,,,,
HD Graphics 630,https://www.techpowerup.com/gpu-specs/hd-graphics-630.c2962,2016,Kaby Lake GT2,192,24,3,System Shared,System Shared,System Shared,Kaby Lake GT2,,Generation 9.5,Intel,14 nm++,unknown,unknown,"Aug 30th, 2016","HD Graphics
(Kaby Lake)",Active,Ring Bus,1 in our database,350 MHz,1000 MHz,System Shared,System Shared,System Shared,System Shared,System Dependent,192,24,3,24,,,3.000 GPixel/s,24.00 GTexel/s,768.0 GFLOPS (2:1),384.0 GFLOPS,96.00 GFLOPS (1:4),IGP,15 W,No outputs,12 (12_1),4.6,3.0,1.3,6.4,,,,,,,,,,,,,,
HD Graphics P630,https://www.techpowerup.com/gpu-specs/hd-graphics-p630.c2965,2016,Kaby Lake GT2,192,24,3,System Shared,System Shared,System Shared,Kaby Lake GT2,,Generation 9.5,Intel,14 nm++,unknown,unknown,"Aug 5th, 2016","HD Graphics-WM
(Kaby Lake)",Active,Ring Bus,1 in our database,350 MHz,1100 MHz,System Shared,System Shared,System Shared,System Shared,System Dependent,192,24,3,24,,,3.300 GPixel/s,26.40 GTexel/s,844.8 GFLOPS (2:1),422.4 GFLOPS,105.6 GFLOPS (1:4),IGP,15 W,No outputs,12 (12_1),4.6,3.0,1.3,6.4,,,,,,,,,,,,,,
HD Graphics,https://www.techpowerup.com/gpu-specs/hd-graphics.c3149,2015,Broadwell GT1,96,12,2,System Shared,System Shared,System Shared,Broadwell GT1,,Generation 8.0,Intel,14 nm,unknown,82 mm²,"Jan 5th, 2015","HD Graphics-M
(Broadwell)",Active,Ring Bus,1 in our database,100 MHz,800 MHz,System Shared,System Shared,System Shared,System Shared,System Dependent,96,12,2,12,,,1.600 GPixel/s,9.600 GTexel/s,,153.6 GFLOPS,38.40 GFLOPS (1:4),IGP,6 W,No outputs,12 (11_1),4.4,3.0,1.0,5.1,,,,,,,,,,,,,,
HD Graphics,https://www.techpowerup.com/gpu-specs/hd-graphics.c3115,2015,Braswell GT1,96,12,2,System Shared,System Shared,System Shared,Braswell GT1,,Generation 8.0,Intel,14 nm,unknown,unknown,"Apr 1st, 2015","HD Graphics-T
(Airmont)",Active,Ring Bus,1 in our database,,,System Shared,System Shared,System Shared,System Shared,System Dependent,96,12,2,12,,,1.000 GPixel/s,6.000 GTexel/s,,96.00 GFLOPS,24.00 GFLOPS (1:4),IGP,6 W,No outputs,12 (11_1),4.3,3.0,1.0,5.1,,,500 MHz,,,,,,,,,,,
HD Graphics 400,https://www.techpowerup.com/gpu-specs/hd-graphics-400.c2900,2015,Braswell GT1,96,12,2,System Shared,System Shared,System Shared,Braswell GT1,,Generation 8.0,Intel,14 nm,unknown,unknown,"Apr 1st, 2015","HD Graphics-T
(Airmont)",Active,Ring Bus,1 in our database,320 MHz,600 MHz,System Shared,System Shared,System Shared,System Shared,System Dependent,96,12,2,12,,,1.200 GPixel/s,7.200 GTexel/s,,115.2 GFLOPS,28.80 GFLOPS (1:4),IGP,6 W,No outputs,12 (11_1),4.3,3.0,1.0,5.1,,,,,,,,,,,,,,
HD Graphics 405,https://www.techpowerup.com/gpu-specs/hd-graphics-405.c2901,2015,Braswell GT1,128,16,2,System Shared,System Shared,System Shared,Braswell GT1,,Generation 8.0,Intel,14 nm,unknown,unknown,"Apr 1st, 2015","HD Graphics-T
(Airmont)",Active,Ring Bus,1 in our database,200 MHz,600 MHz,System Shared,System Shared,System Shared,System Shared,System Dependent,128,16,2,16,,,1.200 GPixel/s,9.600 GTexel/s,,153.6 GFLOPS,38.40 GFLOPS (1:4),IGP,6 W,No outputs,12 (11_1),4.3,3.0,1.0,5.1,,,,,,,,,,,,,,
HD Graphics 500,https://www.techpowerup.com/gpu-specs/hd-graphics-500.c2902,2015,Apollo Lake GT1,96,12,2,System Shared,System Shared,System Shared,Apollo Lake GT1,,Generation 9.0,Intel,14 nm,unknown,unknown,"Sep 1st, 2015","HD Graphics-T
(Goldmont)",Active,Ring Bus,1 in our database,200 MHz,650 MHz,System Shared,System Shared,System Shared,System Shared,System Dependent,96,12,2,12,,,1.300 GPixel/s,7.800 GTexel/s,,124.8 GFLOPS,15.60 GFLOPS (1:8),IGP,6 W,No outputs,12 (12_1),4.6,3.0,1.3,6.4,,,,,,,,,,,,,,
HD Graphics 510,https://www.techpowerup.com/gpu-specs/hd-graphics-510.c2784,2015,Skylake GT1,96,12,3,System Shared,System Shared,System Shared,Skylake GT1,,Generation 9.0,Intel,14 nm+,unknown,unknown,"Sep 1st, 2015","HD Graphics-M
(Skylake)",Active,Ring Bus,1 in our database,300 MHz,900 MHz,System Shared,System Shared,System Shared,System Shared,System Dependent,96,12,3,12,,,2.700 GPixel/s,10.80 GTexel/s,345.6 GFLOPS (2:1),172.8 GFLOPS,43.20 GFLOPS (1:4),IGP,15 W,No outputs,12 (12_1),4.6,3.0,1.3,6.4,,,,,,,,,,,,,,
HD Graphics 510,https://www.techpowerup.com/gpu-specs/hd-graphics-510.c2795,2015,Skylake GT1,96,12,2,System Shared,System Shared,System Shared,Skylake GT1,,Generation 9.0,Intel,14 nm+,unknown,unknown,"Sep 1st, 2015","HD Graphics
(Skylake)",Active,Ring Bus,1 in our database,350 MHz,950 MHz,System Shared,System Shared,System Shared,System Shared,System Dependent,96,12,2,12,,,1.900 GPixel/s,11.40 GTexel/s,364.8 GFLOPS (2:1),182.4 GFLOPS,45.60 GFLOPS (1:4),IGP,15 W,No outputs,12 (12_1),4.6,3.0,1.3,6.4,,,,,,,,,,,,,,
HD Graphics 515,https://www.techpowerup.com/gpu-specs/hd-graphics-515.c3400,2015,Skylake GT2,192,24,3,System Shared,System Shared,System Shared,Skylake GT2,,Generation 9.0,Intel,14 nm+,unknown,123 mm²,"Sep 1st, 2015","HD Graphics-M
(Skylake)",Active,Ring Bus,1 in our database,300 MHz,800 MHz,System Shared,System Shared,System Shared,System Shared,System Dependent,192,24,3,24,,,2.400 GPixel/s,19.20 GTexel/s,614.4 GFLOPS (2:1),307.2 GFLOPS,76.80 GFLOPS (1:4),IGP,15 W,No outputs,12 (12_1),4.6,3.0,1.3,6.4,,,,,,,,,,,,,,
HD Graphics 520,https://www.techpowerup.com/gpu-specs/hd-graphics-520.c2783,2015,Skylake GT2,192,24,3,System Shared,System Shared,System Shared,Skylake GT2,,Generation 9.0,Intel,14 nm+,unknown,123 mm²,"Sep 1st, 2015","HD Graphics-M
(Skylake)",Active,Ring Bus,1 in our database,300 MHz,900 MHz,System Shared,System Shared,System Shared,System Shared,System Dependent,192,24,3,24,,,2.700 GPixel/s,21.60 GTexel/s,691.2 GFLOPS (2:1),345.6 GFLOPS,86.40 GFLOPS (1:4),IGP,15 W,No outputs,12 (12_1),4.6,3.0,1.3,6.4,,,,,,,,,,,,,,
HD Graphics 530,https://www.techpowerup.com/gpu-specs/hd-graphics-530.c2785,2015,Skylake GT2,192,24,3,System Shared,System Shared,System Shared,Skylake GT2,,Generation 9.0,Intel,14 nm+,unknown,123 mm²,"Sep 1st, 2015","HD Graphics-M
(Skylake)",Active,Ring Bus,1 in our database,350 MHz,950 MHz,System Shared,System Shared,System Shared,System Shared,System Dependent,192,24,3,24,,,2.850 GPixel/s,22.80 GTexel/s,729.6 GFLOPS (2:1),364.8 GFLOPS,91.20 GFLOPS (1:4),IGP,15 W,No outputs,12 (12_1),4.6,3.0,1.3,6.4,,,,,,,,,,,,,,
HD Graphics 530,https://www.techpowerup.com/gpu-specs/hd-graphics-530.c2789,2015,Skylake GT2,192,24,3,System Shared,System Shared,System Shared,Skylake GT2,,Generation 9.0,Intel,14 nm+,unknown,123 mm²,"Sep 1st, 2015","HD Graphics
(Skylake)",Active,Ring Bus,1 in our database,350 MHz,950 MHz,System Shared,System Shared,System Shared,System Shared,System Dependent,192,24,3,24,,,2.850 GPixel/s,22.80 GTexel/s,729.6 GFLOPS (2:1),364.8 GFLOPS,91.20 GFLOPS (1:4),IGP,15 W,No outputs,12 (12_1),4.6,3.0,1.3,6.4,,,,,,,,,,,,,,
HD Graphics P530,https://www.techpowerup.com/gpu-specs/hd-graphics-p530.c2793,2015,Skylake GT2,192,16,3,System Shared,System Shared,System Shared,Skylake GT2,,Generation 9.0,Intel,14 nm+,unknown,123 mm²,"Sep 1st, 2015","HD Graphics-W
(Skylake)",Active,Ring Bus,1 in our database,350 MHz,1000 MHz,System Shared,System Shared,System Shared,System Shared,System Dependent,192,16,3,24,,,3.000 GPixel/s,16.00 GTexel/s,768.0 GFLOPS (2:1),384.0 GFLOPS,96.00 GFLOPS (1:4),IGP,15 W,No outputs,12 (12_1),4.6,3.0,1.3,6.4,,,,,,,,,,,,,,
Iris Graphics 540,https://www.techpowerup.com/gpu-specs/iris-graphics-540.c2786,2015,Skylake GT3e,384,48,6,System Shared,System Shared,System Shared,Skylake GT3e,,Generation 9.0,Intel,14 nm+,unknown,unknown,"Sep 1st, 2015","HD Graphics-M
(Skylake)",Active,Ring Bus,1 in our database,300 MHz,1000 MHz,System Shared,System Shared,System Shared,System Shared,System Dependent,384,48,6,48,,,6.000 GPixel/s,48.00 GTexel/s,,768.0 GFLOPS,,IGP,15 W,No outputs,12 (12_1),4.6,3.0,1.3,6.4,,,,,,,,,,,,,,
Iris Graphics 550,https://www.techpowerup.com/gpu-specs/iris-graphics-550.c2787,2015,Skylake GT3e,384,48,6,System Shared,System Shared,System Shared,Skylake GT3e,,Generation 9.0,Intel,14 nm+,unknown,unknown,"Sep 1st, 2015","HD Graphics-M
(Skylake)",Active,Ring Bus,1 in our database,300 MHz,1000 MHz,System Shared,System Shared,System Shared,System Shared,System Dependent,384,48,6,48,,,6.000 GPixel/s,48.00 GTexel/s,1.536 TFLOPS (2:1),768.0 GFLOPS,192.0 GFLOPS (1:4),IGP,15 W,No outputs,12 (12_1),4.6,3.0,1.3,6.4,,,,,,,,,,,,,,
Iris Pro Graphics 580,https://www.techpowerup.com/gpu-specs/iris-pro-graphics-580.c2788,2015,Skylake GT4e,576,72,9,System Shared,System Shared,System Shared,Skylake GT4e,,Generation 9.0,Intel,14 nm+,unknown,unknown,"Sep 1st, 2015","HD Graphics-M
(Skylake)",Active,Ring Bus,1 in our database,350 MHz,950 MHz,System Shared,System Shared,System Shared,System Shared,System Dependent,576,72,9,72,,,8.550 GPixel/s,68.40 GTexel/s,2.189 TFLOPS (2:1),"1,094 GFLOPS",273.6 GFLOPS (1:4),IGP,15 W,No outputs,12 (12_1),4.6,3.0,1.3,6.4,,,,,,,,,,,,,,
Iris Pro Graphics P555,https://www.techpowerup.com/gpu-specs/iris-pro-graphics-p555.c3220,2015,Skylake GT3e,384,48,6,System Shared,System Shared,System Shared,Skylake GT3e,,Generation 9.0,Intel,14 nm+,unknown,unknown,"Sep 1st, 2015","HD Graphics-W
(Skylake)",Active,Ring Bus,1 in our database,350 MHz,1000 MHz,System Shared,System Shared,System Shared,System Shared,System Dependent,384,48,6,48,,,6.000 GPixel/s,48.00 GTexel/s,1.536 TFLOPS (2:1),768.0 GFLOPS,192.0 GFLOPS (1:4),IGP,15 W,No outputs,12 (12_1),4.6,3.0,1.3,6.4,,,,,,,,,,,,,,
Iris Pro Graphics P580,https://www.techpowerup.com/gpu-specs/iris-pro-graphics-p580.c2794,2015,Skylake GT4e,576,72,9,System Shared,System Shared,System Shared,Skylake GT4e,,Generation 9.0,Intel,14 nm+,unknown,unknown,"Sep 1st, 2015","HD Graphics-W
(Skylake)",Active,Ring Bus,1 in our database,350 MHz,1000 MHz,System Shared,System Shared,System Shared,System Shared,System Dependent,576,72,9,72,,,9.000 GPixel/s,72.00 GTexel/s,2.304 TFLOPS (2:1),"1,152 GFLOPS",288.0 GFLOPS (1:4),IGP,15 W,No outputs,12 (12_1),4.6,3.0,1.3,6.4,,,,,,,,,,,,,,
Iris Pro Graphics P580,https://www.techpowerup.com/gpu-specs/iris-pro-graphics-p580.c3606,2015,Skylake GT4e,576,72,9,System Shared,System Shared,System Shared,Skylake GT4e,,Generation 9.0,Intel,14 nm+,unknown,unknown,"Sep 1st, 2015","HD Graphics-WM
(Skylake)",Active,Ring Bus,1 in our database,350 MHz,1050 MHz,System Shared,System Shared,System Shared,System Shared,System Dependent,576,72,9,72,,,9.450 GPixel/s,75.60 GTexel/s,2.419 TFLOPS (2:1),"1,210 GFLOPS",302.4 GFLOPS (1:4),IGP,15 W,No outputs,12 (12_1),4.6,3.0,1.3,6.4,,,,,,,,,,,,,,
HD Graphics 5300,https://www.techpowerup.com/gpu-specs/hd-graphics-5300.c2624,2014,Broadwell GT2,192,24,3,System Shared,System Shared,System Shared,Broadwell GT2,,Generation 8.0,Intel,14 nm,unknown,unknown,"Sep 5th, 2014","HD Graphics-M
(Broadwell)",End-of-life,Ring Bus,1 in our database,300 MHz,800 MHz,System Shared,System Shared,System Shared,System Shared,System Dependent,192,24,3,24,,,2.400 GPixel/s,19.20 GTexel/s,,307.2 GFLOPS,76.80 GFLOPS (1:4),IGP,15 W,No outputs,12 (11_1),4.4,3.0,1.0,5.1,,,,,,,,,,,,,,
HD Graphics 5500,https://www.techpowerup.com/gpu-specs/hd-graphics-5500.c2625,2014,Broadwell GT2,192,24,3,System Shared,System Shared,System Shared,Broadwell GT2,,Generation 8.0,Intel,14 nm,unknown,unknown,"Sep 5th, 2014","HD Graphics-M
(Broadwell)",End-of-life,Ring Bus,1 in our database,300 MHz,850 MHz,System Shared,System Shared,System Shared,System Shared,System Dependent,192,24,3,24,,,2.550 GPixel/s,20.40 GTexel/s,,326.4 GFLOPS,81.60 GFLOPS (1:4),IGP,15 W,No outputs,12 (11_1),4.4,3.0,1.0,5.1,,,,,,,,,,,,,,
HD Graphics 5600,https://www.techpowerup.com/gpu-specs/hd-graphics-5600.c3139,2014,Broadwell GT2,192,24,3,System Shared,System Shared,System Shared,Broadwell GT2,,Generation 8.0,Intel,14 nm,unknown,unknown,"Sep 5th, 2014","HD Graphics-M
(Broadwell)",End-of-life,Ring Bus,1 in our database,300 MHz,1050 MHz,System Shared,System Shared,System Shared,System Shared,System Dependent,192,24,3,24,,,3.150 GPixel/s,25.20 GTexel/s,,403.2 GFLOPS,100.8 GFLOPS (1:4),IGP,15 W,No outputs,12 (11_1),4.4,3.0,1.0,5.1,,,,,,,,,,,,,,
HD Graphics 6000,https://www.techpowerup.com/gpu-specs/hd-graphics-6000.c2626,2014,Broadwell GT3,384,48,6,System Shared,System Shared,System Shared,Broadwell GT3,,Generation 8.0,Intel,14 nm,unknown,133 mm²,"Sep 5th, 2014","HD Graphics-M
(Broadwell)",End-of-life,Ring Bus,1 in our database,300 MHz,950 MHz,System Shared,System Shared,System Shared,System Shared,System Dependent,384,48,6,48,,,5.700 GPixel/s,45.60 GTexel/s,,729.6 GFLOPS,182.4 GFLOPS (1:4),IGP,15 W,No outputs,12 (11_1),4.4,3.0,1.0,5.1,,,,,,,,,,,,,,
HD Graphics P5700,https://www.techpowerup.com/gpu-specs/hd-graphics-p5700.c2791,2014,Broadwell GT2,192,24,3,System Shared,System Shared,System Shared,Broadwell GT2,,Generation 8.0,Intel,14 nm,unknown,unknown,"Sep 5th, 2014","HD Graphics-W
(Broadwell)",End-of-life,Ring Bus,1 in our database,700 MHz,1000 MHz,System Shared,System Shared,System Shared,System Shared,System Dependent,192,24,3,24,,,3.000 GPixel/s,24.00 GTexel/s,,384.0 GFLOPS,96.00 GFLOPS (1:4),IGP,15 W,No outputs,12 (11_1),4.4,3.0,1.0,5.1,,,,,,,,,,,,,,
Iris Graphics 6100,https://www.techpowerup.com/gpu-specs/iris-graphics-6100.c2627,2014,Broadwell GT3,384,48,6,System Shared,System Shared,System Shared,Broadwell GT3,,Generation 8.0,Intel,14 nm,unknown,133 mm²,"Sep 5th, 2014","HD Graphics-M
(Broadwell)",End-of-life,Ring Bus,1 in our database,300 MHz,1000 MHz,System Shared,System Shared,System Shared,System Shared,System Dependent,384,48,6,48,,,6.000 GPixel/s,48.00 GTexel/s,,768.0 GFLOPS,192.0 GFLOPS (1:4),IGP,15 W,No outputs,12 (11_1),4.4,3.0,1.0,5.1,,None,,,,,,,,,,,,
Iris Pro Graphics 6200,https://www.techpowerup.com/gpu-specs/iris-pro-graphics-6200.c2628,2014,Broadwell GT3e,384,48,6,System Shared,System Shared,System Shared,Broadwell GT3e,,Generation 8.0,Intel,14 nm,unknown,unknown,"Sep 5th, 2014","HD Graphics-M
(Broadwell)",End-of-life,Ring Bus,1 in our database,300 MHz,1100 MHz,System Shared,System Shared,System Shared,System Shared,System Dependent,384,48,6,48,,,6.600 GPixel/s,52.80 GTexel/s,,844.8 GFLOPS,211.2 GFLOPS (1:4),IGP,15 W,No outputs,12 (11_1),4.4,3.0,1.0,5.1,,,,,,,,,,,,,,
Iris Pro Graphics 6200,https://www.techpowerup.com/gpu-specs/iris-pro-graphics-6200.c2790,2014,Broadwell GT3e,384,48,6,System Shared,System Shared,System Shared,Broadwell GT3e,,Generation 8.0,Intel,14 nm,unknown,unknown,"Sep 5th, 2014","HD Graphics
(Broadwell)",End-of-life,Ring Bus,1 in our database,300 MHz,1100 MHz,System Shared,System Shared,System Shared,System Shared,System Dependent,384,48,6,48,,,6.600 GPixel/s,52.80 GTexel/s,,844.8 GFLOPS,211.2 GFLOPS (1:4),IGP,15 W,No outputs,12 (11_1),4.4,3.0,1.0,5.1,,,,,,,,,,,,,,
Iris Pro Graphics P6300,https://www.techpowerup.com/gpu-specs/iris-pro-graphics-p6300.c2792,2014,Broadwell GT3e,384,48,6,System Shared,System Shared,System Shared,Broadwell GT3e,,Generation 8.0,Intel,14 nm,unknown,unknown,"Sep 5th, 2014","HD Graphics-W
(Broadwell)",End-of-life,Ring Bus,1 in our database,300 MHz,800 MHz,System Shared,System Shared,System Shared,System Shared,System Dependent,384,48,6,48,,,4.800 GPixel/s,38.40 GTexel/s,,614.4 GFLOPS,153.6 GFLOPS (1:4),IGP,15 W,No outputs,12 (11_1),4.4,3.0,1.0,5.1,,,,,,,,,,,,,,
HD Graphics,https://www.techpowerup.com/gpu-specs/hd-graphics.c2467,2013,Haswell GT1,80,10,1,System Shared,System Shared,System Shared,Haswell GT1,,Generation 7.5,Intel,22 nm,unknown,unknown,"Apr 29th, 2013","HD Graphics
(Haswell)",End-of-life,Ring Bus,1 in our database,200 MHz,1000 MHz,System Shared,System Shared,System Shared,System Shared,System Dependent,80,10,1,10,,,1.000 GPixel/s,10.00 GTexel/s,,160.0 GFLOPS,40.00 GFLOPS (1:4),IGP,45 W,No outputs,12 (11_1),4.3,1.2,1.0,5.1,,,,,,,,,,,,,,
HD Graphics,https://www.techpowerup.com/gpu-specs/hd-graphics.c2469,2013,Bay Trail GT1,32,4,1,System Shared,System Shared,System Shared,Bay Trail GT1,,Generation 7.0,Intel,22 nm,unknown,unknown,"Sep 2nd, 2013","HD Graphics-T
(Bay Trail)",End-of-life,Ring Bus,1 in our database,311 MHz,646 MHz,System Shared,System Shared,System Shared,System Shared,System Dependent,32,4,1,4,,,646.0 MPixel/s,2.584 GTexel/s,,41.34 GFLOPS,10.34 GFLOPS (1:4),IGP,4 W,No outputs,11.1 (11_0),4.0,1.2,1.0,5.0,,,,,,,,,,,,,,
HD Graphics,https://www.techpowerup.com/gpu-specs/hd-graphics.c3134,2013,Haswell GT1,80,10,1,System Shared,System Shared,System Shared,Haswell GT1,,Generation 7.5,Intel,22 nm,unknown,unknown,"Apr 29th, 2013","HD Graphics-M
(Haswell)",End-of-life,Ring Bus,1 in our database,200 MHz,850 MHz,System Shared,System Shared,System Shared,System Shared,System Dependent,80,10,1,10,,,850.0 MPixel/s,8.500 GTexel/s,,136.0 GFLOPS,34.00 GFLOPS (1:4),IGP,45 W,No outputs,12 (11_1),4.3,1.2,1.0,5.1,,,,,,,,,,,,,,
HD Graphics 4200,https://www.techpowerup.com/gpu-specs/hd-graphics-4200.c3287,2013,Haswell GT2,160,20,2,System Shared,System Shared,System Shared,Haswell GT2,,Generation 7.5,Intel,22 nm,unknown,unknown,"Sep 2nd, 2013","HD Graphics-M
(Haswell)",End-of-life,Ring Bus,1 in our database,200 MHz,850 MHz,System Shared,System Shared,System Shared,System Shared,System Dependent,160,20,2,20,,,1.700 GPixel/s,17.00 GTexel/s,,272.0 GFLOPS,68.00 GFLOPS (1:4),IGP,4 W,No outputs,12 (11_1),4.3,1.2,1.0,5.1,,,,,,,,,,,,,,
HD Graphics 4400,https://www.techpowerup.com/gpu-specs/hd-graphics-4400.c2471,2013,Haswell GT2,160,20,2,System Shared,System Shared,System Shared,Haswell GT2,,Generation 7.5,Intel,22 nm,unknown,unknown,"Sep 3rd, 2013","HD Graphics-M
(Haswell)",End-of-life,Ring Bus,1 in our database,200 MHz,950 MHz,System Shared,System Shared,System Shared,System Shared,System Dependent,160,20,2,20,,,1.900 GPixel/s,19.00 GTexel/s,,304.0 GFLOPS,76.00 GFLOPS (1:4),IGP,20 W,No outputs,12 (11_1),4.3,1.2,1.0,5.1,,,,,,,,,,,,,,
HD Graphics 4400,https://www.techpowerup.com/gpu-specs/hd-graphics-4400.c2470,2013,Haswell GT2,160,20,2,System Shared,System Shared,System Shared,Haswell GT2,,Generation 7.5,Intel,22 nm,unknown,unknown,"Sep 3rd, 2013","HD Graphics
(Haswell)",End-of-life,Ring Bus,1 in our database,200 MHz,1150 MHz,System Shared,System Shared,System Shared,System Shared,System Dependent,160,20,2,20,,,2.300 GPixel/s,23.00 GTexel/s,,368.0 GFLOPS,92.00 GFLOPS (1:4),IGP,20 W,No outputs,12 (11_1),4.3,1.2,1.0,5.1,,,,,,,,,,,,,,
HD Graphics 4600,https://www.techpowerup.com/gpu-specs/hd-graphics-4600.c1994,2013,Haswell GT2,160,20,2,System Shared,System Shared,System Shared,Haswell GT2,,Generation 7.5,Intel,22 nm,unknown,unknown,"Jun 3rd, 2013","HD Graphics
(Haswell)",End-of-life,Ring Bus,1 in our database,350 MHz,1100 MHz,System Shared,System Shared,System Shared,System Shared,System Dependent,160,20,2,20,,,2.200 GPixel/s,22.00 GTexel/s,,352.0 GFLOPS,88.00 GFLOPS (1:4),IGP,45 W,No outputs,12 (11_1),4.3,1.2,1.0,5.1,,,,,,,,,,,,,,
HD Graphics 4600,https://www.techpowerup.com/gpu-specs/hd-graphics-4600.c1953,2013,Haswell GT2,160,20,2,System Shared,System Shared,System Shared,Haswell GT2,,Generation 7.5,Intel,22 nm,unknown,unknown,"May 27th, 2013","HD Graphics-M
(Haswell)",End-of-life,Ring Bus,1 in our database,400 MHz,1100 MHz,System Shared,System Shared,System Shared,System Shared,System Dependent,160,20,2,20,,,2.200 GPixel/s,22.00 GTexel/s,,352.0 GFLOPS,88.00 GFLOPS (1:4),IGP,20 W,No outputs,12 (11_1),4.3,1.2,1.0,5.1,,,,,,,,,,,,,,
HD Graphics 5000,https://www.techpowerup.com/gpu-specs/hd-graphics-5000.c2468,2013,Haswell GT3,320,40,4,System Shared,System Shared,System Shared,Haswell GT3,,Generation 7.5,Intel,22 nm,"1,300 million",181 mm²,"May 27th, 2013","HD Graphics-M
(Haswell)",End-of-life,Ring Bus,1 in our database,200 MHz,1000 MHz,System Shared,System Shared,System Shared,System Shared,System Dependent,320,40,4,40,,,4.000 GPixel/s,40.00 GTexel/s,,640.0 GFLOPS,160.0 GFLOPS (1:4),IGP,30 W,No outputs,12 (11_1),4.3,1.2,1.0,5.1,,,,,,,,,,,,,,
HD Graphics P4600,https://www.techpowerup.com/gpu-specs/hd-graphics-p4600.c2369,2013,Haswell GT2,160,20,2,System Shared,System Shared,System Shared,Haswell GT2,,Generation 7.5,Intel,22 nm,unknown,unknown,"Jun 1st, 2013","HD Graphics-W
(Haswell)",End-of-life,Ring Bus,1 in our database,350 MHz,1200 MHz,System Shared,System Shared,System Shared,System Shared,System Dependent,160,20,2,20,,,2.400 GPixel/s,24.00 GTexel/s,,384.0 GFLOPS,96.00 GFLOPS (1:4),IGP,84 W,No outputs,12 (11_1),4.3,1.2,1.0,5.1,,,,,,,,,,,,,,
HD Graphics P4700,https://www.techpowerup.com/gpu-specs/hd-graphics-p4700.c2563,2013,Haswell GT2,160,20,2,System Shared,System Shared,System Shared,Haswell GT2,,Generation 7.5,Intel,22 nm,unknown,unknown,"Jun 1st, 2013","HD Graphics-W
(Haswell)",End-of-life,Ring Bus,1 in our database,350 MHz,1300 MHz,System Shared,System Shared,System Shared,System Shared,System Dependent,160,20,2,20,,,2.600 GPixel/s,26.00 GTexel/s,,416.0 GFLOPS,104.0 GFLOPS (1:4),IGP,86 W,No outputs,12 (11_1),4.3,1.2,1.0,5.1,,,,,,,,,,,,,,
Iris Graphics 5100,https://www.techpowerup.com/gpu-specs/iris-graphics-5100.c2474,2013,Haswell GT3,320,40,4,System Shared,System Shared,System Shared,Haswell GT3,,Generation 7.5,Intel,22 nm,"1,300 million",181 mm²,"May 27th, 2013","HD Graphics-M
(Haswell)",End-of-life,Ring Bus,1 in our database,200 MHz,1100 MHz,System Shared,System Shared,System Shared,System Shared,System Dependent,320,40,4,40,,,4.400 GPixel/s,44.00 GTexel/s,,704.0 GFLOPS,176.0 GFLOPS (1:4),IGP,30 W,No outputs,12 (11_1),4.3,1.2,1.0,5.1,,,,,,,,,,,,,,
Iris Pro Graphics 5200,https://www.techpowerup.com/gpu-specs/iris-pro-graphics-5200.c2472,2013,Haswell GT3e,320,40,4,System Shared,System Shared,System Shared,Haswell GT3e,,Generation 7.5,Intel,22 nm,unknown,unknown,"Jun 3rd, 2013","HD Graphics
(Haswell)",End-of-life,Ring Bus,1 in our database,200 MHz,1150 MHz,System Shared,System Shared,System Shared,System Shared,System Dependent,320,40,4,40,,,4.600 GPixel/s,46.00 GTexel/s,,736.0 GFLOPS,184.0 GFLOPS (1:4),IGP,45 W,No outputs,12 (11_1),4.3,1.2,1.0,5.1,,,,,,,,,,,,,,
Iris Pro Graphics 5200,https://www.techpowerup.com/gpu-specs/iris-pro-graphics-5200.c2007,2013,Haswell GT3e,320,40,4,System Shared,System Shared,System Shared,Haswell GT3e,,Generation 7.5,Intel,22 nm,unknown,unknown,"May 27th, 2013","HD Graphics-M
(Haswell)",End-of-life,Ring Bus,1 in our database,200 MHz,1200 MHz,System Shared,System Shared,System Shared,System Shared,System Dependent,320,40,4,40,,,4.800 GPixel/s,48.00 GTexel/s,,768.0 GFLOPS,192.0 GFLOPS (1:4),IGP,30 W,No outputs,12 (11_1),4.3,1.2,1.0,5.1,,,,,,,,,,,,,,
Xeon Phi 5120D,https://www.techpowerup.com/gpu-specs/xeon-phi-5120d.c2482,2013,Knights Corner,960,32,N/A,8 GB,GDDR5,512 bit,Knights Corner,,Knights,Intel,22 nm,"5,000 million",720 mm²,"Jun 17th, 2013","Knights Corner
(x100)",End-of-life,PCIe 3.0 x16,1 in our database,,,"1250 MHz
5 Gbps effective",8 GB,GDDR5,512 bit,320.0 GB/s,960,32,0,60,,,0 MPixel/s,33.70 GTexel/s,,2.022 TFLOPS,,Dual-slot,245 W,No outputs,N/A,N/A,1.2,N/A,5.0,550 W,,1053 MHz,"248 mm
9.8 inches",,,"2,759 USD",,,,,,,
Xeon Phi 7120P,https://www.techpowerup.com/gpu-specs/xeon-phi-7120p.c1885,2013,Knights Corner,976,32,N/A,16 GB,GDDR5,512 bit,Knights Corner,,Knights,Intel,22 nm,"5,000 million",720 mm²,"Jun 17th, 2013","Knights Corner
(x100)",End-of-life,PCIe 3.0 x16,1 in our database,1238 MHz,1333 MHz,"1375 MHz
5.5 Gbps effective",16 GB,GDDR5,512 bit,352.0 GB/s,976,32,0,61,,,0 MPixel/s,42.66 GTexel/s,,2.602 TFLOPS,,Dual-slot,300 W,No outputs,N/A,N/A,1.2,N/A,5.0,700 W,,,"248 mm
9.8 inches",,,"4,129 USD",,,,,,,
Xeon Phi 7120X,https://www.techpowerup.com/gpu-specs/xeon-phi-7120x.c2481,2013,Knights Corner,976,32,N/A,16 GB,GDDR5,512 bit,Knights Corner,,Knights,Intel,22 nm,"5,000 million",720 mm²,"Jun 17th, 2013","Knights Corner
(x100)",End-of-life,PCIe 3.0 x16,1 in our database,1238 MHz,1333 MHz,"1375 MHz
5.5 Gbps effective",16 GB,GDDR5,512 bit,352.0 GB/s,976,32,0,61,,,0 MPixel/s,42.66 GTexel/s,,2.602 TFLOPS,,Dual-slot,300 W,No outputs,N/A,N/A,1.2,N/A,5.0,700 W,,,"248 mm
9.8 inches",,,"4,129 USD",,,,,,,
HD Graphics,https://www.techpowerup.com/gpu-specs/hd-graphics.c3132,2012,,,,,,,,,,,,,,,,,,,,,,,,,,,,,,,,,,,,,,,,,,,,,,,,,,,,,,,,,,,
HD Graphics,https://www.techpowerup.com/gpu-specs/hd-graphics.c1250,2012,,,,,,,,,,,,,,,,,,,,,,,,,,,,,,,,,,,,,,,,,,,,,,,,,,,,,,,,,,,
HD Graphics 4000,https://www.techpowerup.com/gpu-specs/hd-graphics-4000.c1282,2012,Ivy Bridge GT2,128,16,2,System Shared,System Shared,System Shared,Ivy Bridge GT2,,Generation 7.0,Intel,22 nm,"1,200 million",133 mm²,"May 14th, 2012","HD Graphics
(Ivy Bridge)",End-of-life,Ring Bus,1 in our database,650 MHz,1050 MHz,System Shared,System Shared,System Shared,System Shared,System Dependent,128,16,2,16,,,2.100 GPixel/s,16.80 GTexel/s,,268.8 GFLOPS,67.20 GFLOPS (1:4),IGP,unknown,No outputs,11.1 (11_0),4.0,1.2,1.0,5.0,,,,,,,,,,,,,,
HD Graphics 4000,https://www.techpowerup.com/gpu-specs/hd-graphics-4000.c1266,2012,Ivy Bridge GT2,128,16,2,System Shared,System Shared,System Shared,Ivy Bridge GT2,,Generation 7.0,Intel,22 nm,"1,200 million",133 mm²,"May 14th, 2012","HD Graphics-M
(Ivy Bridge)",End-of-life,Ring Bus,1 in our database,650 MHz,1000 MHz,System Shared,System Shared,System Shared,System Shared,System Dependent,128,16,2,16,,,2.000 GPixel/s,16.00 GTexel/s,,256.0 GFLOPS,64.00 GFLOPS (1:4),IGP,45 W,No outputs,11.1 (11_0),4.0,1.2,1.0,5.0,,,,,,,,,,,,,,
HD Graphics P4000,https://www.techpowerup.com/gpu-specs/hd-graphics-p4000.c2027,2012,Ivy Bridge GT2,128,16,1,System Shared,System Shared,System Shared,Ivy Bridge GT2,,Generation 7.0,Intel,22 nm,"1,200 million",133 mm²,"May 14th, 2012","HD Graphics-W
(Ivy Bridge)",End-of-life,Ring Bus,1 in our database,650 MHz,1250 MHz,System Shared,System Shared,System Shared,System Shared,System Dependent,128,16,1,16,,,1.250 GPixel/s,20.00 GTexel/s,,320.0 GFLOPS,80.00 GFLOPS (1:4),IGP,45 W,No outputs,11.1 (11_0),4.0,1.2,1.0,5.0,,,,,,,,,,,,,,
Xeon Phi 3120A,https://www.techpowerup.com/gpu-specs/xeon-phi-3120a.c1886,2012,Knights Corner,912,32,N/A,6 GB,GDDR5,384 bit,Knights Corner,,Knights,Intel,22 nm,"5,000 million",720 mm²,"Nov 12th, 2012","Knights Corner
(x100)",End-of-life,PCIe 3.0 x16,1 in our database,,,"1250 MHz
5 Gbps effective",6 GB,GDDR5,384 bit,240.0 GB/s,912,32,0,57,,,0 MPixel/s,35.20 GTexel/s,,2.006 TFLOPS,,Dual-slot,300 W,No outputs,N/A,N/A,1.2,N/A,5.0,700 W,,1100 MHz,"248 mm
9.8 inches",,,"1,695 USD",,,,,,,
Xeon Phi 5110P,https://www.techpowerup.com/gpu-specs/xeon-phi-5110p.c2480,2012,Knights Corner,960,32,N/A,8 GB,GDDR5,512 bit,Knights Corner,,Knights,Intel,22 nm,"5,000 million",720 mm²,"Nov 12th, 2012","Knights Corner
(x100)",End-of-life,PCIe 3.0 x16,1 in our database,,,"1250 MHz
5 Gbps effective",8 GB,GDDR5,512 bit,320.0 GB/s,960,32,0,60,,,0 MPixel/s,33.70 GTexel/s,,2.022 TFLOPS,,Dual-slot,225 W,No outputs,N/A,N/A,1.2,N/A,5.0,550 W,,1053 MHz,"248 mm
9.8 inches",,,"2,649 USD",,,,,,,
Xeon Phi SE10X,https://www.techpowerup.com/gpu-specs/xeon-phi-se10x.c1891,2012,Knights Corner,976,32,N/A,8 GB,GDDR5,512 bit,Knights Corner,,Knights,Intel,22 nm,"5,000 million",720 mm²,"Nov 12th, 2012",Knights Corner,End-of-life,PCIe 3.0 x16,1 in our database,,,"1375 MHz
5.5 Gbps effective",8 GB,GDDR5,512 bit,352.0 GB/s,976,32,0,61,,,0 MPixel/s,35.20 GTexel/s,,2.147 TFLOPS,,Dual-slot,300 W,No outputs,N/A,N/A,1.2,N/A,5.0,700 W,,1100 MHz,"248 mm
9.8 inches",,,,,,,,,,
HD Graphics,https://www.techpowerup.com/gpu-specs/hd-graphics.c1246,2011,Sandy Bridge GT1,48,6,1,System Shared,System Shared,System Shared,Sandy Bridge GT1,,Generation 6.0,Intel,32 nm,504 million,131 mm²,"May 1st, 2011","HD Graphics-M
(Sandy Bridge)",End-of-life,Ring Bus,1 in our database,350 MHz,800 MHz,System Shared,System Shared,System Shared,System Shared,System Dependent,48,6,1,6,,,800.0 MPixel/s,4.800 GTexel/s,,76.80 GFLOPS,,IGP,unknown,No outputs,11.1 (10_1),3.1,N/A,N/A,4.1,,,,,,,,,,,,,,
HD Graphics 2000,https://www.techpowerup.com/gpu-specs/hd-graphics-2000.c1248,2011,Sandy Bridge GT1,48,6,1,System Shared,System Shared,System Shared,Sandy Bridge GT1,,Generation 6.0,Intel,32 nm,504 million,131 mm²,"Feb 1st, 2011","HD Graphics
(Sandy Bridge)",End-of-life,Ring Bus,1 in our database,650 MHz,1000 MHz,System Shared,System Shared,System Shared,System Shared,System Dependent,48,6,1,6,,,1.000 GPixel/s,6.000 GTexel/s,,96.00 GFLOPS,,IGP,unknown,No outputs,11.1 (10_1),3.1,N/A,N/A,4.1,,,,,,,,,,,,,,
HD Graphics 3000,https://www.techpowerup.com/gpu-specs/hd-graphics-3000.c3195,2011,Sandy Bridge GT2+,96,12,2,System Shared,System Shared,System Shared,Sandy Bridge GT2+,,Generation 6.0,Intel,32 nm,"1,160 million",216 mm²,"Feb 1st, 2011","HD Graphics-M
(Sandy Bridge)",End-of-life,Ring Bus,1 in our database,650 MHz,1300 MHz,System Shared,System Shared,System Shared,System Shared,System Dependent,96,12,2,12,,,2.600 GPixel/s,15.60 GTexel/s,,249.6 GFLOPS,,IGP,unknown,No outputs,11.1 (10_1),3.1,N/A,N/A,4.1,,,,,,,,,,,,,,
HD Graphics 3000,https://www.techpowerup.com/gpu-specs/hd-graphics-3000.c3196,2011,Sandy Bridge GT2+,96,12,2,System Shared,System Shared,System Shared,Sandy Bridge GT2+,,Generation 6.0,Intel,32 nm,"1,160 million",216 mm²,"Feb 1st, 2011","HD Graphics
(Sandy Bridge)",End-of-life,Ring Bus,1 in our database,850 MHz,1350 MHz,System Shared,System Shared,System Shared,System Shared,System Dependent,96,12,2,12,,,2.700 GPixel/s,16.20 GTexel/s,,259.2 GFLOPS,,IGP,unknown,No outputs,11.1 (10_1),3.1,N/A,N/A,4.1,,,,,,,,,,,,,,
HD Graphics 3000,https://www.techpowerup.com/gpu-specs/hd-graphics-3000.c1251,2011,Sandy Bridge GT2,96,12,2,System Shared,System Shared,System Shared,Sandy Bridge GT2,,Generation 6.0,Intel,32 nm,624 million,149 mm²,"Feb 1st, 2011","HD Graphics-M
(Sandy Bridge)",End-of-life,Ring Bus,1 in our database,350 MHz,1000 MHz,System Shared,System Shared,System Shared,System Shared,System Dependent,96,12,2,12,,,2.000 GPixel/s,12.00 GTexel/s,,192.0 GFLOPS,,IGP,unknown,No outputs,11.1 (10_1),3.1,N/A,N/A,4.1,,,,,,,,,,,,,,
HD Graphics 3000,https://www.techpowerup.com/gpu-specs/hd-graphics-3000.c1257,2011,Sandy Bridge GT2,96,12,2,System Shared,System Shared,System Shared,Sandy Bridge GT2,,Generation 6.0,Intel,32 nm,624 million,149 mm²,"Feb 1st, 2011","HD Graphics
(Sandy Bridge)",End-of-life,Ring Bus,1 in our database,850 MHz,1100 MHz,System Shared,System Shared,System Shared,System Shared,System Dependent,96,12,2,12,,,2.200 GPixel/s,13.20 GTexel/s,,211.2 GFLOPS,,IGP,unknown,No outputs,11.1 (10_1),3.1,N/A,N/A,4.1,,,,,,,,,,,,,,
HD Graphics P3000,https://www.techpowerup.com/gpu-specs/hd-graphics-p3000.c2026,2011,Sandy Bridge GT2,96,12,2,System Shared,System Shared,System Shared,Sandy Bridge GT2,,Generation 6.0,Intel,32 nm,624 million,149 mm²,"Feb 1st, 2011","HD Graphics-W
(Sandy Bridge)",End-of-life,Ring Bus,1 in our database,850 MHz,1350 MHz,System Shared,System Shared,System Shared,System Shared,System Dependent,96,12,2,12,,,2.700 GPixel/s,16.20 GTexel/s,,259.2 GFLOPS,,IGP,unknown,No outputs,11.1 (10_1),3.1,N/A,N/A,4.1,,,,,,,,,,,,,,
Aubrey Isle,https://www.techpowerup.com/gpu-specs/aubrey-isle.c1549,2010,Knights Ferry,512,32,N/A,2 GB,GDDR5,256 bit,Knights Ferry,,Knights,Intel,45 nm,"2,300 million",684 mm²,"May 31st, 2010",Knights Ferry,End-of-life,PCIe 2.0 x16,1 in our database,,,"1200 MHz
4.8 Gbps effective",2 GB,GDDR5,256 bit,153.6 GB/s,512,32,0,32,,,0 MPixel/s,38.40 GTexel/s,,"1,229 GFLOPS",,Dual-slot,300 W,"1x DVI
1x HDMI
1x DisplayPort",N/A,N/A,1.2,N/A,5.0,700 W,1x 6-pin + 1x 8-pin,1200 MHz,"267 mm
10.5 inches",,,,,,,,,,
GMA,https://www.techpowerup.com/gpu-specs/gma.c3378,2010,Cloverview,,2,1,System Shared,System Shared,System Shared,Cloverview,,PowerVR SGX545,Intel,32 nm,unknown,unknown,"May 4th, 2010","GMA Graphics-T
(GMA IGP)",End-of-life,PCIe 1.0 x16,1 in our database,,,System Shared,System Shared,System Shared,System Shared,System Dependent,,2,1,,,,533.0 MPixel/s,1.066 GTexel/s,,,,IGP,unknown,No outputs,9.0c,ES 2.0,N/A,N/A,3.0,,,533 MHz,,,,,4,2,4,2,266.5 MVertices/s,,
GMA 600,https://www.techpowerup.com/gpu-specs/gma-600.c1225,2010,Lincroft,32,4,1,System Shared,System Shared,System Shared,Lincroft,,PowerVR SGX535,Intel,45 nm,140 million,62 mm²,"May 4th, 2010","GMA Graphics-T
(GMA 600 IGP)",End-of-life,PCIe 1.0 x16,1 in our database,,,System Shared,System Shared,System Shared,System Shared,System Dependent,32,4,1,4,,,400.0 MPixel/s,1.600 GTexel/s,,25.60 GFLOPS,,IGP,unknown,No outputs,10.1,ES 2.0,N/A,N/A,4.1,,,400 MHz,,,,,,,,,,,
HD Graphics,https://www.techpowerup.com/gpu-specs/hd-graphics.c1241,2010,Ironlake,96,16,2,System Shared,System Shared,System Shared,Ironlake,,Generation 5.75,Intel,45 nm,177 million,114 mm²,"Jan 10th, 2010","HD Graphics-M
(Westmere)",End-of-life,QPI,1 in our database,133 MHz,500 MHz,System Shared,System Shared,System Shared,System Shared,System Dependent,96,16,2,16,,,1.000 GPixel/s,8.000 GTexel/s,,96.00 GFLOPS,,IGP,35 W,No outputs,10.1,2.1,N/A,N/A,4.1,,,,,,,,,,,,,,
HD Graphics,https://www.techpowerup.com/gpu-specs/hd-graphics.c2028,2010,Ironlake,96,12,2,System Shared,System Shared,System Shared,Ironlake,,Generation 5.75,Intel,45 nm,177 million,114 mm²,"Jan 10th, 2010","HD Graphics
(Westmere)",End-of-life,QPI,1 in our database,,,System Shared,System Shared,System Shared,System Shared,System Dependent,96,12,2,12,,,1.066 GPixel/s,6.396 GTexel/s,,102.3 GFLOPS,,IGP,35 W,No outputs,10.1,2.1,N/A,N/A,4.1,,,533 MHz,,,,,,,,,,,
GMA 3600,https://www.techpowerup.com/gpu-specs/gma-3600.c1797,2008,Cedarview,32,4,1,System Shared,System Shared,System Shared,Cedarview,,PowerVR SGX545,Intel,65 nm,unknown,unknown,"Oct 1st, 2008","GMA Graphics-M
(GMA 3600 IGP)",End-of-life,PCI,1 in our database,,,System Shared,System Shared,System Shared,System Shared,System Dependent,32,4,1,4,,,400.0 MPixel/s,1.600 GTexel/s,,25.60 GFLOPS,,IGP,13 W,No outputs,10.1,ES 2.0,N/A,N/A,4.1,,,400 MHz,,,,,,,,,,,
GMA 3650,https://www.techpowerup.com/gpu-specs/gma-3650.c3143,2008,Cedarview,32,4,1,System Shared,System Shared,System Shared,Cedarview,,PowerVR SGX545,Intel,65 nm,unknown,unknown,"Oct 1st, 2008","GMA Graphics-M
(GMA 3600 IGP)",End-of-life,PCI,1 in our database,,,System Shared,System Shared,System Shared,System Shared,System Dependent,32,4,1,4,,,640.0 MPixel/s,2.560 GTexel/s,,40.96 GFLOPS,,IGP,13 W,No outputs,10.1,ES 2.0,N/A,N/A,4.1,,,640 MHz,,,,,,,,,,,
GMA 500,https://www.techpowerup.com/gpu-specs/gma-500.c1222,2008,Poulsbo,32,4,1,System Shared,System Shared,System Shared,Poulsbo,,PowerVR SGX535,Intel,130 nm,unknown,unknown,"Mar 2nd, 2008","GMA Graphics-T
(GMA 500 IGP)",End-of-life,PCIe 1.0 x16,1 in our database,,,System Shared,System Shared,System Shared,System Shared,System Dependent,32,4,1,4,,,200.0 MPixel/s,800.0 MTexel/s,,12.80 GFLOPS,,IGP,unknown,No outputs,10.1,ES 2.0,N/A,N/A,4.1,,,200 MHz,,,,,,,,,,,
GMA X4500,https://www.techpowerup.com/gpu-specs/gma-x4500.c3116,2008,Eaglelake,80,10,1,System Shared,System Shared,System Shared,Eaglelake,,Generation 5.0,Intel,65 nm,unknown,unknown,"Jun 1st, 2008","GMA Graphics
(GMA 4500 IGP)",End-of-life,FSB,1 in our database,,,System Shared,System Shared,System Shared,System Shared,System Dependent,80,10,1,10,,,533.0 MPixel/s,5.330 GTexel/s,,85.28 GFLOPS,,IGP,13 W,No outputs,10.0,2.0,N/A,N/A,4.0,,,533 MHz,,,,,,,,,,,
GMA X4500M,https://www.techpowerup.com/gpu-specs/gma-x4500m.c1236,2008,Eaglelake,80,10,1,System Shared,System Shared,System Shared,Eaglelake,,Generation 5.0,Intel,65 nm,unknown,unknown,"Oct 1st, 2008","GMA Graphics-M
(GMA 4500M IGP)",End-of-life,FSB,1 in our database,,,System Shared,System Shared,System Shared,System Shared,System Dependent,80,10,1,10,,,400.0 MPixel/s,4.000 GTexel/s,,64.00 GFLOPS,,IGP,13 W,No outputs,10.0,2.0,N/A,N/A,4.0,,,400 MHz,,,,,,,,,,,
GMA X4500MHD,https://www.techpowerup.com/gpu-specs/gma-x4500mhd.c3125,2008,Cantiga,80,10,1,System Shared,System Shared,System Shared,Cantiga,,Generation 5.0,Intel,65 nm,unknown,unknown,"Sep 1st, 2008","GMA Graphics-M
(GMA 4500M IGP)",End-of-life,FSB,1 in our database,,,System Shared,System Shared,System Shared,System Shared,System Dependent,80,10,1,10,,,533.0 MPixel/s,5.330 GTexel/s,,85.28 GFLOPS,,IGP,13 W,No outputs,10.0,2.0,N/A,N/A,4.0,,,533 MHz,,,,,,,,,,,
GMA X4700MHD,https://www.techpowerup.com/gpu-specs/gma-x4700mhd.c1240,2008,Montevina,80,10,1,System Shared,System Shared,System Shared,Montevina,,Generation 5.0,Intel,65 nm,unknown,unknown,"Oct 1st, 2008","GMA Graphics-M
(GMA 4700M IGP)",End-of-life,FSB,1 in our database,,,System Shared,System Shared,System Shared,System Shared,System Dependent,80,10,1,10,,,640.0 MPixel/s,6.400 GTexel/s,,102.4 GFLOPS,,IGP,13 W,No outputs,10.0,2.0,N/A,N/A,4.0,,,640 MHz,,,,,,,,,,,
GMA 3100,https://www.techpowerup.com/gpu-specs/gma-3100.c1793,2007,Bearlake,,4,4,System Shared,System Shared,System Shared,Bearlake,Bearlake-G+ (G33),Generation 4.0,Intel,90 nm,unknown,unknown,"May 9th, 2007","GMA Graphics
(GMA 3100 IGP)",End-of-life,FSB,1 in our database,,,System Shared,System Shared,System Shared,System Shared,System Dependent,,4,4,,,,1.600 GPixel/s,1.600 GTexel/s,,,,IGP,13 W,No outputs,9.0c,2.0,N/A,N/A,3.0,,,400 MHz,,,,,4,N/A,4,0,,,
GMA 3100,https://www.techpowerup.com/gpu-specs/gma-3100.c3117,2007,Bearlake,,4,4,System Shared,System Shared,System Shared,Bearlake,,Generation 4.0,Intel,90 nm,unknown,unknown,"May 9th, 2007","GMA Graphics-M
(GMA 3100 IGP)",End-of-life,FSB,1 in our database,,,System Shared,System Shared,System Shared,System Shared,System Dependent,,4,4,,,,1.600 GPixel/s,1.600 GTexel/s,,,,IGP,13 W,No outputs,9.0c,2.0,N/A,N/A,3.0,,,400 MHz,,,,,4,N/A,4,0,,,
GMA 3100,https://www.techpowerup.com/gpu-specs/gma-3100.c1733,2007,Bearlake,,8,1,System Shared,System Shared,System Shared,Bearlake,Bearlake-G (G31),Generation 4.0,Intel,90 nm,unknown,unknown,"May 9th, 2007","GMA Graphics
(GMA 3100 IGP)",End-of-life,FSB,1 in our database,,,System Shared,System Shared,System Shared,System Shared,System Dependent,,8,1,,,,400.0 MPixel/s,3.200 GTexel/s,,,,IGP,13 W,No outputs,9.0c,2.0,N/A,N/A,3.0,,,400 MHz,,,,,8,1,8,1,100.0 MVertices/s,,
GMA 3150,https://www.techpowerup.com/gpu-specs/gma-3150.c1794,2007,Pineview,16,2,1,System Shared,System Shared,System Shared,Pineview,,Generation 4.0,Intel,45 nm,123 million,66 mm²,"May 9th, 2007","GMA Graphics-M
(GMA 3100 IGP)",End-of-life,PCI,1 in our database,,,System Shared,System Shared,System Shared,System Shared,System Dependent,16,2,1,2,,,400.0 MPixel/s,800.0 MTexel/s,,12.80 GFLOPS,,IGP,13 W,No outputs,9.0c,2.0,N/A,N/A,3.0,,,400 MHz,,,,,,,,,,,
GMA 3150,https://www.techpowerup.com/gpu-specs/gma-3150.c3375,2007,Pineview,16,2,1,System Shared,System Shared,System Shared,Pineview,,Generation 4.0,Intel,45 nm,123 million,66 mm²,"May 9th, 2007","GMA Graphics
(GMA 3100 IGP)",End-of-life,FSB,1 in our database,,,System Shared,System Shared,System Shared,System Shared,System Dependent,16,2,1,2,,,400.0 MPixel/s,800.0 MTexel/s,,12.80 GFLOPS,,IGP,13 W,No outputs,9.0c,2.0,N/A,N/A,3.0,,,400 MHz,,,,,,,,,,,
GMA X3100,https://www.techpowerup.com/gpu-specs/gma-x3100.c3124,2007,Crestline,,8,1,System Shared,System Shared,System Shared,Crestline,Crestline-GM,Generation 4.0,Intel,90 nm,unknown,unknown,"May 9th, 2007","GMA Graphics-M
(GMA 3100 IGP)",End-of-life,FSB,1 in our database,,,System Shared,System Shared,System Shared,System Shared,System Dependent,,8,1,,,,500.0 MPixel/s,4.000 GTexel/s,,,,IGP,13 W,No outputs,9.0c,2.0,N/A,N/A,3.0,,,500 MHz,,,,,8,1,8,1,125.0 MVertices/s,,
GMA X3100,https://www.techpowerup.com/gpu-specs/gma-x3100.c1233,2007,Broadwater,,8,1,System Shared,System Shared,System Shared,Broadwater,,Generation 4.0,Intel,90 nm,unknown,unknown,"May 9th, 2007","GMA Graphics-M
(GMA 3100 IGP)",End-of-life,FSB,1 in our database,,,System Shared,System Shared,System Shared,System Shared,System Dependent,,8,1,,,,500.0 MPixel/s,4.000 GTexel/s,,,,IGP,13 W,No outputs,9.0c,2.0,N/A,N/A,3.0,,,500 MHz,,,,,8,1,8,1,125.0 MVertices/s,,
GMA X3500,https://www.techpowerup.com/gpu-specs/gma-x3500.c3118,2007,Bearlake,,8,1,System Shared,System Shared,System Shared,Bearlake,Bearlake (G35),Generation 4.0,Intel,90 nm,unknown,unknown,"Aug 1st, 2007","GMA Graphics
(GMA 3500 IGP)",End-of-life,FSB,1 in our database,,,System Shared,System Shared,System Shared,System Shared,System Dependent,,8,1,,,,667.0 MPixel/s,5.336 GTexel/s,,,,IGP,13 W,No outputs,9.0c,2.0,N/A,N/A,3.0,,,667 MHz,,,,,8,1,8,1,166.8 MVertices/s,,
GMA 3000,https://www.techpowerup.com/gpu-specs/gma-3000.c3120,2006,Lakeport,,4,4,System Shared,System Shared,System Shared,Lakeport,Lakeport-GZ,Generation 3.5,Intel,90 nm,unknown,unknown,"Jul 1st, 2006","GMA Graphics-M
(GMA 3000 IGP)",End-of-life,FSB,1 in our database,,,System Shared,System Shared,System Shared,System Shared,System Dependent,,4,4,,,,1.600 GPixel/s,1.600 GTexel/s,,,,IGP,13 W,No outputs,9.0,2.0,N/A,N/A,2.0,,,400 MHz,,,,,4,N/A,4,0,,,
GMA 3000,https://www.techpowerup.com/gpu-specs/gma-3000.c3119,2006,Broadwater,,4,4,System Shared,System Shared,System Shared,Broadwater,Broadwater-Q,Generation 4.0,Intel,90 nm,unknown,unknown,"Jun 1st, 2006","GMA Graphics-M
(GMA 3000 IGP)",End-of-life,FSB,1 in our database,,,System Shared,System Shared,System Shared,System Shared,System Dependent,,4,4,,,,1.600 GPixel/s,1.600 GTexel/s,,,,IGP,13 W,No outputs,9.0c,2.0,N/A,N/A,3.0,,,400 MHz,,,,,4,N/A,4,0,,,
GMA 3000,https://www.techpowerup.com/gpu-specs/gma-3000.c3377,2006,Broadwater,,4,4,System Shared,System Shared,System Shared,Broadwater,Broadwater-G (946GZ),Generation 4.0,Intel,90 nm,unknown,unknown,"Jun 1st, 2006","GMA Graphics
(GMA 3000 IGP)",End-of-life,FSB,1 in our database,,,System Shared,System Shared,System Shared,System Shared,System Dependent,,4,4,,,,2.668 GPixel/s,2.668 GTexel/s,,,,IGP,13 W,No outputs,9.0c,2.0,N/A,N/A,3.0,,,667 MHz,,,,,4,N/A,4,0,,,
GMA 3000,https://www.techpowerup.com/gpu-specs/gma-3000.c3154,2006,Broadwater,,4,4,System Shared,System Shared,System Shared,Broadwater,Broadwater-G (Q965),Generation 4.0,Intel,90 nm,unknown,unknown,"Jun 1st, 2006","GMA Graphics
(GMA 3000 IGP)",End-of-life,FSB,1 in our database,,,System Shared,System Shared,System Shared,System Shared,System Dependent,,4,4,,,,2.668 GPixel/s,2.668 GTexel/s,,,,IGP,13 W,No outputs,9.0c,2.0,N/A,N/A,3.0,,,667 MHz,,,,,4,N/A,4,0,,,
GMA 950,https://www.techpowerup.com/gpu-specs/gma-950.c3122,2006,Calistoga,,4,1,System Shared,System Shared,System Shared,Calistoga,,Generation 3.5,Intel,90 nm,unknown,unknown,2006,"GMA Graphics-M
(GMA 950 IGP)",End-of-life,FSB,1 in our database,,,System Shared,System Shared,System Shared,System Shared,System Dependent,,4,1,,,,250.0 MPixel/s,1.000 GTexel/s,,,,IGP,7 W,No outputs,9.0c,2.0,N/A,N/A,3.0,,,250 MHz,,,,,4,1,4,1,62.50 MVertices/s,,
GMA X3000,https://www.techpowerup.com/gpu-specs/gma-x3000.c3376,2006,Broadwater,,4,4,System Shared,System Shared,System Shared,Broadwater,Broadwater-G (Q965),Generation 4.0,Intel,90 nm,unknown,unknown,"Jun 1st, 2006","GMA Graphics
(GMA 3000 IGP)",End-of-life,FSB,1 in our database,,,System Shared,System Shared,System Shared,System Shared,System Dependent,,4,4,,,,2.668 GPixel/s,2.668 GTexel/s,,,,IGP,13 W,No outputs,9.0c,2.0,N/A,N/A,3.0,,,667 MHz,,,,,4,N/A,4,0,,,
GMA X3000,https://www.techpowerup.com/gpu-specs/gma-x3000.c3123,2006,Broadwater,,8,1,System Shared,System Shared,System Shared,Broadwater,Broadwater-GC,Generation 4.0,Intel,90 nm,unknown,unknown,"Jun 1st, 2006","GMA Graphics-M
(GMA 3000 IGP)",End-of-life,FSB,1 in our database,,,System Shared,System Shared,System Shared,System Shared,System Dependent,,8,1,,,,500.0 MPixel/s,4.000 GTexel/s,,,,IGP,13 W,No outputs,9.0c,2.0,N/A,N/A,3.0,,,500 MHz,,,,,8,1,8,1,125.0 MVertices/s,,
GMA 900,https://www.techpowerup.com/gpu-specs/gma-900.c1226,2005,Alviso,,4,4,System Shared,System Shared,System Shared,Alviso,Alviso-GM,Generation 3.0,Intel,130 nm,unknown,unknown,2005,"GMA Graphics-M
(GMA 900 IGP)",End-of-life,FSB,1 in our database,,,System Shared,System Shared,System Shared,System Shared,System Dependent,,4,4,,,,1.332 GPixel/s,1.332 GTexel/s,,,,IGP,unknown,No outputs,9.0c,1.4,N/A,N/A,3.0,,,333 MHz,,,,,4,N/A,4,0,,,
GMA 950,https://www.techpowerup.com/gpu-specs/gma-950.c3127,2005,Lakeport,,4,1,System Shared,System Shared,System Shared,Lakeport,,Generation 3.5,Intel,90 nm,unknown,unknown,"Jun 1st, 2005","GMA Graphics
(GMA 950 IGP)",End-of-life,FSB,1 in our database,250 MHz,400 MHz,System Shared,System Shared,System Shared,System Shared,System Dependent,,4,1,,,,400.0 MPixel/s,1.600 GTexel/s,,,,IGP,7 W,No outputs,9.0,2.0,N/A,N/A,2.0,,,,,,,,4,1,4,1,62.50 MVertices/s,,
GMA 950,https://www.techpowerup.com/gpu-specs/gma-950.c3121,2005,Lakeport,,4,1,System Shared,System Shared,System Shared,Lakeport,,Generation 3.5,Intel,90 nm,unknown,unknown,"May 1st, 2005","GMA Graphics-M
(GMA 950 IGP)",End-of-life,FSB,1 in our database,,,System Shared,System Shared,System Shared,System Shared,System Dependent,,4,1,,,,166.0 MPixel/s,664.0 MTexel/s,,,,IGP,7 W,No outputs,9.0,2.0,N/A,N/A,2.0,,,166 MHz,,,,,4,1,4,1,41.50 MVertices/s,,
GMA 900,https://www.techpowerup.com/gpu-specs/gma-900.c3126,2004,Grantsdale,,4,4,System Shared,System Shared,System Shared,Grantsdale,,Generation 3.0,Intel,130 nm,unknown,unknown,"Jun 1st, 2004","GMA Graphics-M
(GMA 900 IGP)",End-of-life,FSB,1 in our database,,,System Shared,System Shared,System Shared,System Shared,System Dependent,,4,4,,,,1.332 GPixel/s,1.332 GTexel/s,,,,IGP,unknown,No outputs,9.0c,1.4,N/A,N/A,3.0,,,333 MHz,,,,,4,N/A,4,0,,,
Extreme Graphics 2,https://www.techpowerup.com/gpu-specs/extreme-graphics-2.c1285,2003,Montara,,1,1,System Shared,System Shared,System Shared,Montara,,Generation 2.0,Intel,130 nm,unknown,unknown,"Dec 3rd, 2003","Extreme Graphics 2
(Mobile IGP)",End-of-life,FSB,1 in our database,200 MHz,266 MHz,System Shared,System Shared,System Shared,System Shared,System Dependent,,1,1,,,,266.0 MPixel/s,266.0 MTexel/s,,,,IGP,unknown,No outputs,7.0,1.3,N/A,N/A,,,,,,,,,2,N/A,2,0,,N/A,N/A
Extreme Graphics 2,https://www.techpowerup.com/gpu-specs/extreme-graphics-2.c1221,2003,Springdale,,2,1,System Shared,System Shared,System Shared,Springdale,Springdale-G (865G),Generation 2.0,Intel,130 nm,unknown,unknown,"Dec 3rd, 2003","Extreme Graphics 2
(IGP)",End-of-life,FSB,1 in our database,200 MHz,266 MHz,System Shared,System Shared,System Shared,System Shared,System Dependent,,2,1,,,,266.0 MPixel/s,532.0 MTexel/s,,,,IGP,unknown,No outputs,7.0,1.3,N/A,N/A,,,,,,,,,2,N/A,2,0,,1.4,1.1
i852GM Graphics,https://www.techpowerup.com/gpu-specs/i852gm-graphics.c1301,2003,Montara,,1,1,System Shared,System Shared,System Shared,Montara,Montara-GM (852GM),Generation 2.0,Intel,130 nm,unknown,unknown,"Dec 3rd, 2003","Graphics-M
(IGP)",End-of-life,FSB,1 in our database,200 MHz,266 MHz,System Shared,System Shared,System Shared,System Shared,System Dependent,,1,1,,,,266.0 MPixel/s,266.0 MTexel/s,,,,IGP,unknown,No outputs,7.0,1.3,N/A,N/A,,,,,,,,,2,N/A,2,0,,N/A,N/A
Extreme Graphics,https://www.techpowerup.com/gpu-specs/extreme-graphics.c1283,2002,Brookdale,,1,1,System Shared,System Shared,System Shared,Brookdale,Brookdale-G (845G),Generation 2.0,Intel,150 nm,unknown,unknown,2002,"Extreme Graphics
(IGP)",End-of-life,FSB,1 in our database,,,System Shared,System Shared,System Shared,System Shared,System Dependent,,1,1,,,,200.0 MPixel/s,200.0 MTexel/s,,,,IGP,unknown,No outputs,7.0,1.3,N/A,N/A,,,,200 MHz,,,,,2,N/A,2,0,,1.4,1.1
i830MG Graphics,https://www.techpowerup.com/gpu-specs/i830mg-graphics.c1284,2002,Almador,,1,1,System Shared,System Shared,System Shared,Almador,Almador (830MG),Generation 1.0,Intel,150 nm,unknown,unknown,2002,"Graphics-M
(IGP)",End-of-life,FSB,1 in our database,100 MHz,166 MHz,System Shared,System Shared,System Shared,System Shared,System Dependent,,1,1,,,,166.0 MPixel/s,166.0 MTexel/s,,,,IGP,unknown,No outputs,7.0,1.2,N/A,N/A,,,,,,,,,2,N/A,2,0,,1.4,1.1
i830M Graphics,https://www.techpowerup.com/gpu-specs/i830m-graphics.c1910,2001,Almador,,1,1,System Shared,System Shared,System Shared,Almador,Almador (830M),Generation 1.0,Intel,150 nm,unknown,unknown,2001,"Graphics-M
(IGP)",End-of-life,FSB,1 in our database,166 MHz,200 MHz,System Shared,System Shared,System Shared,System Shared,System Dependent,,1,1,,,,200.0 MPixel/s,200.0 MTexel/s,,,,IGP,unknown,No outputs,7.0,1.2,N/A,N/A,,,,,,,,,2,N/A,2,0,,1.4,1.1
i815 Graphics,https://www.techpowerup.com/gpu-specs/i815-graphics.c1291,2000,Solano,,1,1,System Shared,System Shared,System Shared,Solano,,Generation 1.0,Intel,150 nm,unknown,unknown,2000,"Graphics
(IGP)",End-of-life,FSB,1 in our database,,,System Shared,System Shared,System Shared,System Shared,System Dependent,,1,1,,,,133.0 MPixel/s,133.0 MTexel/s,,,,IGP,unknown,No outputs,7.0,1.2,N/A,N/A,,,,133 MHz,,,,,2,N/A,2,0,,1.4,1.1
i752,https://www.techpowerup.com/gpu-specs/i752.c3671,1999,Portola,,1,1,16 MB,SDR,64 bit,Portola,,Generation 1.0,Intel,150 nm,unknown,unknown,"Apr 27th, 1999",Graphics,End-of-life,AGP 2x,1 in our database,,,133 MHz,16 MB,SDR,64 bit,1.064 GB/s,,1,1,,,,100.0 MPixel/s,100.0 MTexel/s,,,,Single-slot,unknown,"1x VGA
2x S-Video",7.0,1.2,N/A,N/A,,200 W,,100 MHz,,,,,2,N/A,2,0,,1.4,1.1
i810 Graphics,https://www.techpowerup.com/gpu-specs/i810-graphics.c1290,1999,Whitney,,1,1,System Shared,System Shared,System Shared,Whitney,,Generation 1.0,Intel,150 nm,unknown,unknown,1999,"Graphics
(IGP)",End-of-life,FSB,1 in our database,,,System Shared,System Shared,System Shared,System Shared,System Dependent,,1,1,,,,133.0 MPixel/s,133.0 MTexel/s,,,,IGP,unknown,No outputs,7.0,1.2,N/A,N/A,,,,133 MHz,,,,,2,N/A,2,0,,1.4,1.1
i740,https://www.techpowerup.com/gpu-specs/i740.c1288,1998,Auburn,,1,1,4 MB,SDR,64 bit,Auburn,,i740,Intel,150 nm,unknown,unknown,"Feb 12th, 1998",Graphics,End-of-life,AGP 2x,1 in our database,,,100 MHz,4 MB,SDR,64 bit,800.0 MB/s,,1,1,,,,66.00 MPixel/s,66.00 MTexel/s,,,,Single-slot,unknown,1x VGA,5.0,1.1,N/A,N/A,,200 W,,66 MHz,,,,,2,N/A,2,0,,N/A,N/A
i740 8 MB,https://www.techpowerup.com/gpu-specs/i740-8-mb.c1551,1998,Auburn,,1,1,8 MB,SDR,64 bit,Auburn,,i740,Intel,150 nm,unknown,unknown,"Feb 12th, 1998",Graphics,End-of-life,AGP 2x,1 in our database,,,100 MHz,8 MB,SDR,64 bit,800.0 MB/s,,1,1,,,,66.00 MPixel/s,66.00 MTexel/s,,,,Single-slot,unknown,1x VGA,5.0,1.1,N/A,N/A,,200 W,,66 MHz,,,,,2,N/A,2,0,,N/A,N/A
i740 Graphics,https://www.techpowerup.com/gpu-specs/i740-graphics.c1550,1998,Auburn,,1,1,System Shared,System Shared,System Shared,Auburn,,i740,Intel,150 nm,unknown,unknown,1998,"Graphics
(IGP)",End-of-life,AGP 2x,1 in our database,,,System Shared,System Shared,System Shared,System Shared,System Dependent,,1,1,,,,66.00 MPixel/s,66.00 MTexel/s,,,,IGP,unknown,No outputs,5.0,1.1,N/A,N/A,,,,66 MHz,,,,,2,N/A,2,0,,N/A,N/A
i752 Graphics,https://www.techpowerup.com/gpu-specs/i752-graphics.c1289,1998,Portola,,1,1,System Shared,System Shared,System Shared,Portola,,Generation 1.0,Intel,150 nm,unknown,unknown,1998,"Graphics
(IGP)",End-of-life,AGP 2x,1 in our database,,,System Shared,System Shared,System Shared,System Shared,System Dependent,,1,1,,,,100.0 MPixel/s,100.0 MTexel/s,,,,IGP,unknown,No outputs,7.0,1.2,N/A,N/A,,,,100 MHz,,,,,2,N/A,2,0,,1.4,1.1
